日期,行业,市值
2019-12-02,A农林牧渔,6288.038706
2019-12-03,A农林牧渔,6261.208517
2019-12-04,A农林牧渔,6221.26725
2019-12-05,A农林牧渔,6242.398836
2019-12-06,A农林牧渔,6271.27431
2019-12-09,A农林牧渔,6206.63588
2019-12-10,A农林牧渔,6012.111079
2019-12-11,A农林牧渔,5927.512795
2019-12-12,A农林牧渔,5941.078949
2019-12-13,A农林牧渔,5988.66478
2019-12-16,A农林牧渔,6006.251429
2019-12-17,A农林牧渔,6115.481615
2019-12-18,A农林牧渔,6072.502667
2019-12-19,A农林牧渔,6064.053858
2019-12-20,A农林牧渔,6131.721546
2019-12-23,A农林牧渔,5935.497177
2019-12-24,A农林牧渔,5912.629639
2019-12-25,A农林牧渔,5891.899681
2019-12-26,A农林牧渔,5869.687906
2019-12-27,A农林牧渔,6021.80168
2019-12-30,A农林牧渔,6103.204774
2019-12-31,A农林牧渔,6246.37733
2020-01-02,A农林牧渔,6410.665846
2020-01-03,A农林牧渔,6490.320609
2020-01-06,A农林牧渔,6618.357444
2020-01-07,A农林牧渔,6900.227494
2020-01-08,A农林牧渔,6753.077835
2020-01-09,A农林牧渔,6769.664078
2020-01-10,A农林牧渔,6616.614063
2020-01-13,A农林牧渔,6663.370755
2020-01-14,A农林牧渔,6702.045421
2020-01-15,A农林牧渔,6590.576502
2020-01-16,A农林牧渔,6598.271235
2020-01-17,A农林牧渔,6527.502571
2020-01-20,A农林牧渔,6579.386266
2020-01-21,A农林牧渔,6431.361482
2020-01-22,A农林牧渔,6275.063385
2020-01-23,A农林牧渔,5981.474681
2020-02-03,A农林牧渔,5390.273361
2020-02-04,A农林牧渔,5552.87663
2020-02-05,A农林牧渔,5677.293945
2020-02-06,A农林牧渔,5978.182888
2020-02-07,A农林牧渔,5995.150542
2020-02-10,A农林牧渔,6390.828105
2020-02-11,A农林牧渔,6317.85269
2020-02-12,A农林牧渔,6338.795742
2020-02-13,A农林牧渔,6339.372187
2020-02-14,A农林牧渔,6571.962015
2020-02-17,A农林牧渔,6725.127662
2020-02-18,A农林牧渔,6727.907885
2020-02-19,A农林牧渔,6838.201431
2020-02-20,A农林牧渔,6897.321065
2020-02-21,A农林牧渔,6916.569512
2020-02-24,A农林牧渔,7013.762983
2020-02-25,A农林牧渔,7175.322982
2020-02-26,A农林牧渔,7078.965539
2020-02-27,A农林牧渔,7073.816187
2020-02-28,A农林牧渔,6747.876129
2020-03-02,A农林牧渔,7007.905077
2020-03-03,A农林牧渔,7031.697857
2020-03-04,A农林牧渔,7142.437031
2020-03-05,A农林牧渔,7530.43983
2020-03-06,A农林牧渔,7421.03633
2020-03-09,A农林牧渔,7395.813568
2020-03-10,A农林牧渔,7337.661246
2020-03-11,A农林牧渔,7289.397586
2020-03-12,A农林牧渔,6992.236529
2020-03-13,A农林牧渔,7033.216999
2020-03-16,A农林牧渔,6692.594863
2020-03-17,A农林牧渔,6659.971851
2020-03-18,A农林牧渔,6711.9283
2020-03-19,A农林牧渔,6770.587114
2020-03-20,A农林牧渔,6709.122983
2020-03-23,A农林牧渔,6518.812701
2020-03-24,A农林牧渔,6655.878835
2020-03-25,A农林牧渔,6848.359024
2020-03-26,A农林牧渔,6880.643103
2020-03-27,A农林牧渔,6714.042041
2020-03-30,A农林牧渔,6835.400402
2020-03-31,A农林牧渔,7249.37471
2020-04-01,A农林牧渔,7112.691097
2020-04-02,A农林牧渔,7045.074445
2020-04-03,A农林牧渔,7139.507983
2020-04-07,A农林牧渔,7459.8147
2020-04-08,A农林牧渔,7236.840946
2020-04-09,A农林牧渔,7274.622248
2020-04-10,A农林牧渔,7197.275645
2020-04-13,A农林牧渔,7015.824499
2020-04-14,A农林牧渔,7071.248445
2020-04-15,A农林牧渔,6978.376424
2020-04-16,A农林牧渔,6913.428054
2020-04-17,A农林牧渔,7007.834996
2020-04-20,A农林牧渔,7045.359508
2020-04-21,A农林牧渔,6949.345462
2020-04-22,A农林牧渔,7177.205206
2020-04-23,A农林牧渔,7205.798032
2020-04-24,A农林牧渔,7183.696307
2020-04-27,A农林牧渔,7220.148135
2020-04-28,A农林牧渔,7183.338729
2020-04-29,A农林牧渔,7067.584029
2020-04-30,A农林牧渔,7071.490263
2020-05-06,A农林牧渔,7049.168649
2020-05-07,A农林牧渔,7117.538109
2020-05-08,A农林牧渔,7111.678503
2020-05-11,A农林牧渔,6946.308077
2020-05-12,A农林牧渔,6928.991136
2020-05-13,A农林牧渔,6914.903671
2020-05-14,A农林牧渔,6753.676787
2020-05-15,A农林牧渔,6807.325744
2020-05-18,A农林牧渔,7035.148303
2020-05-19,A农林牧渔,6931.374469
2020-05-20,A农林牧渔,6810.081736
2020-05-21,A农林牧渔,6708.325305
2020-05-22,A农林牧渔,6696.653582
2020-05-25,A农林牧渔,6789.943639
2020-05-26,A农林牧渔,6794.85517
2020-05-27,A农林牧渔,6727.725524
2020-05-28,A农林牧渔,6649.540492
2020-05-29,A农林牧渔,6793.740608
2020-06-01,A农林牧渔,6866.672947
2020-06-02,A农林牧渔,6980.09013
2020-06-03,A农林牧渔,6897.97781
2020-06-04,A农林牧渔,6963.162303
2020-06-05,A农林牧渔,6782.463884
2020-06-08,A农林牧渔,6814.962063
2019-12-02,B采矿业,27105.37402
2019-12-03,B采矿业,27180.84095
2019-12-04,B采矿业,27270.93712
2019-12-05,B采矿业,27350.32351
2019-12-06,B采矿业,27382.08283
2019-12-09,B采矿业,27548.00982
2019-12-10,B采矿业,27528.85881
2019-12-11,B采矿业,27563.77226
2019-12-12,B采矿业,27458.57031
2019-12-13,B采矿业,27683.5474
2019-12-16,B采矿业,27923.6832
2019-12-17,B采矿业,28314.20227
2019-12-18,B采矿业,28226.38311
2019-12-19,B采矿业,28297.19778
2019-12-20,B采矿业,28172.18303
2019-12-23,B采矿业,27799.98966
2019-12-24,B采矿业,28130.70945
2019-12-25,B采矿业,28098.32519
2019-12-26,B采矿业,28232.18896
2019-12-27,B采矿业,28474.4695
2019-12-30,B采矿业,28839.53305
2019-12-31,B采矿业,28942.01684
2020-01-02,B采矿业,29243.16245
2020-01-03,B采矿业,29644.10859
2020-01-06,B采矿业,30562.87729
2020-01-07,B采矿业,30177.14284
2020-01-08,B采矿业,30317.95674
2020-01-09,B采矿业,29720.62809
2020-01-10,B采矿业,29410.8966
2020-01-13,B采矿业,29406.76095
2020-01-14,B采矿业,29462.36521
2020-01-15,B采矿业,29073.18314
2020-01-16,B采矿业,28897.67525
2020-01-17,B采矿业,28956.58457
2020-01-20,B采矿业,28932.03237
2020-01-21,B采矿业,28554.77138
2020-01-22,B采矿业,28460.71723
2020-01-23,B采矿业,27786.18141
2020-02-03,B采矿业,25480.49937
2020-02-04,B采矿业,25627.61245
2020-02-05,B采矿业,25842.88868
2020-02-06,B采矿业,26139.00036
2020-02-07,B采矿业,26134.53312
2020-02-10,B采矿业,26420.35456
2020-02-11,B采矿业,26558.46192
2020-02-12,B采矿业,26780.21673
2020-02-13,B采矿业,26792.42417
2020-02-14,B采矿业,26939.46407
2020-02-17,B采矿业,27367.42767
2020-02-18,B采矿业,27295.62816
2020-02-19,B采矿业,27131.96009
2020-02-20,B采矿业,27425.67403
2020-02-21,B采矿业,27568.7175
2020-02-24,B采矿业,27290.65733
2020-02-25,B采矿业,26829.54035
2020-02-26,B采矿业,26753.22853
2020-02-27,B采矿业,26667.12252
2020-02-28,B采矿业,25825.50869
2020-03-02,B采矿业,26501.14454
2020-03-03,B采矿业,26660.21854
2020-03-04,B采矿业,26759.26571
2020-03-05,B采矿业,27159.11582
2020-03-06,B采矿业,27006.45189
2020-03-09,B采矿业,26458.55622
2020-03-10,B采矿业,26481.98377
2020-03-11,B采矿业,26260.71379
2020-03-12,B采矿业,25750.51707
2020-03-13,B采矿业,25387.16473
2020-03-16,B采矿业,25126.36656
2020-03-17,B采矿业,24905.34565
2020-03-18,B采矿业,24530.93165
2020-03-19,B采矿业,24127.22984
2020-03-20,B采矿业,24461.73826
2020-03-23,B采矿业,23954.77251
2020-03-24,B采矿业,24606.50051
2020-03-25,B采矿业,24914.83839
2020-03-26,B采矿业,24724.30326
2020-03-27,B采矿业,24715.44096
2020-03-30,B采矿业,24354.88729
2020-03-31,B采矿业,24311.16183
2020-04-01,B采矿业,24134.29661
2020-04-02,B采矿业,24761.86575
2020-04-03,B采矿业,24472.46175
2020-04-07,B采矿业,24888.21246
2020-04-08,B采矿业,24797.53131
2020-04-09,B采矿业,24820.44792
2020-04-10,B采矿业,24549.63809
2020-04-13,B采矿业,24504.96362
2020-04-14,B采矿业,24826.01469
2020-04-15,B采矿业,24613.5439
2020-04-16,B采矿业,24596.46502
2020-04-17,B采矿业,24781.13097
2020-04-20,B采矿业,24780.29802
2020-04-21,B采矿业,24465.89185
2020-04-22,B采矿业,24316.80549
2020-04-23,B采矿业,24599.17569
2020-04-24,B采矿业,24332.63073
2020-04-27,B采矿业,24171.36018
2020-04-28,B采矿业,23745.11281
2020-04-29,B采矿业,23848.54118
2020-04-30,B采矿业,24179.87668
2020-05-06,B采矿业,24273.30258
2020-05-07,B采矿业,24163.30644
2020-05-08,B采矿业,24368.50528
2020-05-11,B采矿业,24320.18828
2020-05-12,B采矿业,24276.19989
2020-05-13,B采矿业,24266.2406
2020-05-14,B采矿业,24138.01696
2020-05-15,B采矿业,24250.57202
2020-05-18,B采矿业,24605.43122
2020-05-19,B采矿业,24658.18064
2020-05-20,B采矿业,24572.50705
2020-05-21,B采矿业,24442.18342
2020-05-22,B采矿业,23982.06974
2020-05-25,B采矿业,23878.30221
2020-05-26,B采矿业,24026.22036
2020-05-27,B采矿业,23929.06385
2020-05-28,B采矿业,23996.25536
2020-05-29,B采矿业,23865.89683
2020-06-01,B采矿业,24100.42458
2020-06-02,B采矿业,24149.96676
2020-06-03,B采矿业,24194.13525
2020-06-04,B采矿业,24024.8649
2020-06-05,B采矿业,23982.8429
2020-06-08,B采矿业,24311.22612
2019-12-02,C制造业,251120.3098
2019-12-03,C制造业,255837.7274
2019-12-04,C制造业,256084.9672
2019-12-05,C制造业,258943.6648
2019-12-06,C制造业,261157.2354
2019-12-09,C制造业,261057.7842
2019-12-10,C制造业,263024.7971
2019-12-11,C制造业,262163.5964
2019-12-12,C制造业,261403.0431
2019-12-13,C制造业,265682.8969
2019-12-16,C制造业,269205.9678
2019-12-17,C制造业,272408.307
2019-12-18,C制造业,271589.0737
2019-12-19,C制造业,271529.8657
2019-12-20,C制造业,269445.1315
2019-12-23,C制造业,265853.2782
2019-12-24,C制造业,269711.0577
2019-12-25,C制造业,270706.9754
2019-12-26,C制造业,272895.4723
2019-12-27,C制造业,271816.8358
2019-12-30,C制造业,274423.7285
2019-12-31,C制造业,275802.8654
2020-01-02,C制造业,280205.8493
2020-01-03,C制造业,279983.1378
2020-01-06,C制造业,280790.3559
2020-01-07,C制造业,283652.7024
2020-01-08,C制造业,281562.5304
2020-01-09,C制造业,286370.8788
2020-01-10,C制造业,286377.785
2020-01-13,C制造业,291092.1951
2020-01-14,C制造业,290046.1771
2020-01-15,C制造业,289938.8005
2020-01-16,C制造业,289876.7618
2020-01-17,C制造业,290196.7014
2020-01-20,C制造业,294129.076
2020-01-21,C制造业,290977.6733
2020-01-22,C制造业,293718.4909
2020-01-23,C制造业,284466.7137
2020-02-03,C制造业,261138.1103
2020-02-04,C制造业,266898.7416
2020-02-05,C制造业,273733.1216
2020-02-06,C制造业,280506.3613
2020-02-07,C制造业,281969.9976
2020-02-10,C制造业,284796.7367
2020-02-11,C制造业,285913.5967
2020-02-12,C制造业,290295.7418
2020-02-13,C制造业,288998.4896
2020-02-14,C制造业,289365.1712
2020-02-17,C制造业,297999.7719
2020-02-18,C制造业,300897.111
2020-02-19,C制造业,299679.4479
2020-02-20,C制造业,305217.6002
2020-02-21,C制造业,308971.6523
2020-02-24,C制造业,312751.3532
2020-02-25,C制造业,314341.0431
2020-02-26,C制造业,305583.5427
2020-02-27,C制造业,305813.9484
2020-02-28,C制造业,291247.4263
2020-03-02,C制造业,302081.1619
2020-03-03,C制造业,305289.275
2020-03-04,C制造业,304705.0682
2020-03-05,C制造业,311153.8711
2020-03-06,C制造业,309538.7956
2020-03-09,C制造业,297449.9229
2020-03-10,C制造业,304918.5721
2020-03-11,C制造业,300218.8353
2020-03-12,C制造业,292334.2218
2020-03-13,C制造业,288688.6737
2020-03-16,C制造业,274945.2226
2020-03-17,C制造业,273596.5049
2020-03-18,C制造业,269427.2196
2020-03-19,C制造业,269976.641
2020-03-20,C制造业,273819.2356
2020-03-23,C制造业,262071.5612
2020-03-24,C制造业,267922.5339
2020-03-25,C制造业,275699.6241
2020-03-26,C制造业,274480.516
2020-03-27,C制造业,274807.2096
2020-03-30,C制造业,270549.1724
2020-03-31,C制造业,272861.6668
2020-04-01,C制造业,271870.3872
2020-04-02,C制造业,278574.1311
2020-04-03,C制造业,277547.4726
2020-04-07,C制造业,286241.2806
2020-04-08,C制造业,286243.5602
2020-04-09,C制造业,287751.2485
2020-04-10,C制造业,282565.2191
2020-04-13,C制造业,281045.5789
2020-04-14,C制造业,287162.9322
2020-04-15,C制造业,286092.4003
2020-04-16,C制造业,287346.3476
2020-04-17,C制造业,289066.6549
2020-04-20,C制造业,292139.37
2020-04-21,C制造业,288843.2232
2020-04-22,C制造业,292729.529
2020-04-23,C制造业,292002.5863
2020-04-24,C制造业,288555.4228
2020-04-27,C制造业,288639.0467
2020-04-28,C制造业,287864.723
2020-04-29,C制造业,286935.7073
2020-04-30,C制造业,292000.6032
2020-05-06,C制造业,298875.9353
2020-05-07,C制造业,298821.2738
2020-05-08,C制造业,302060.7648
2020-05-11,C制造业,301376.2962
2020-05-12,C制造业,303671.5149
2020-05-13,C制造业,305679.1133
2020-05-14,C制造业,303032.2634
2020-05-15,C制造业,303500.9325
2020-05-18,C制造业,303211.8901
2020-05-19,C制造业,307716.3766
2020-05-20,C制造业,304896.7175
2020-05-21,C制造业,302456.1965
2020-05-22,C制造业,296162.0891
2020-05-25,C制造业,296298.5805
2020-05-26,C制造业,302598.1456
2020-05-27,C制造业,299874.7757
2020-05-28,C制造业,298809.0085
2020-05-29,C制造业,301633.8753
2020-06-01,C制造业,311005.3405
2020-06-02,C制造业,311074.9873
2020-06-03,C制造业,311505.4588
2020-06-04,C制造业,312446.6212
2020-06-05,C制造业,312937.9583
2020-06-08,C制造业,314030.8505
2019-12-02,D能源供应,18031.22948
2019-12-03,D能源供应,18080.44432
2019-12-04,D能源供应,18095.1309
2019-12-05,D能源供应,18115.15002
2019-12-06,D能源供应,18100.64294
2019-12-09,D能源供应,18139.77732
2019-12-10,D能源供应,18103.00123
2019-12-11,D能源供应,18101.11704
2019-12-12,D能源供应,18175.44834
2019-12-13,D能源供应,18330.78911
2019-12-16,D能源供应,18529.62999
2019-12-17,D能源供应,18832.95603
2019-12-18,D能源供应,18718.74516
2019-12-19,D能源供应,18828.08009
2019-12-20,D能源供应,18751.78051
2019-12-23,D能源供应,18514.22715
2019-12-24,D能源供应,18554.21391
2019-12-25,D能源供应,18487.33437
2019-12-26,D能源供应,18468.69458
2019-12-27,D能源供应,18523.049
2019-12-30,D能源供应,18732.84889
2019-12-31,D能源供应,18787.57398
2020-01-02,D能源供应,18939.79917
2020-01-03,D能源供应,18992.24712
2020-01-06,D能源供应,18950.74636
2020-01-07,D能源供应,19052.0749
2020-01-08,D能源供应,18823.92138
2020-01-09,D能源供应,18941.27317
2020-01-10,D能源供应,18815.85962
2020-01-13,D能源供应,18867.05386
2020-01-14,D能源供应,18931.74582
2020-01-15,D能源供应,18766.98194
2020-01-16,D能源供应,18643.50087
2020-01-17,D能源供应,18494.21567
2020-01-20,D能源供应,18564.87237
2020-01-21,D能源供应,18386.03578
2020-01-22,D能源供应,18309.65865
2020-01-23,D能源供应,17895.582
2020-02-03,D能源供应,16585.67859
2020-02-04,D能源供应,16668.00318
2020-02-05,D能源供应,16840.75891
2020-02-06,D能源供应,17026.74066
2020-02-07,D能源供应,17206.91777
2020-02-10,D能源供应,17279.13065
2020-02-11,D能源供应,17280.31573
2020-02-12,D能源供应,17374.03426
2020-02-13,D能源供应,17241.06798
2020-02-14,D能源供应,17234.25728
2020-02-17,D能源供应,17532.12616
2020-02-18,D能源供应,17573.53747
2020-02-19,D能源供应,17512.74183
2020-02-20,D能源供应,17738.25498
2020-02-21,D能源供应,17755.44788
2020-02-24,D能源供应,17659.16596
2020-02-25,D能源供应,17400.22639
2020-02-26,D能源供应,17421.16897
2020-02-27,D能源供应,17465.51831
2020-02-28,D能源供应,16955.55023
2020-03-02,D能源供应,17372.65631
2020-03-03,D能源供应,17488.72426
2020-03-04,D能源供应,17628.05486
2020-03-05,D能源供应,17942.0176
2020-03-06,D能源供应,17757.06561
2020-03-09,D能源供应,17107.3686
2020-03-10,D能源供应,17309.48432
2020-03-11,D能源供应,17531.44635
2020-03-12,D能源供应,17344.72392
2020-03-13,D能源供应,17075.51962
2020-03-16,D能源供应,16820.92736
2020-03-17,D能源供应,16809.69748
2020-03-18,D能源供应,16631.495
2020-03-19,D能源供应,16475.4538
2020-03-20,D能源供应,16699.5682
2020-03-23,D能源供应,16487.61886
2020-03-24,D能源供应,16754.43631
2020-03-25,D能源供应,16910.08589
2020-03-26,D能源供应,16742.73039
2020-03-27,D能源供应,16817.26343
2020-03-30,D能源供应,16748.80136
2020-03-31,D能源供应,16813.61437
2020-04-01,D能源供应,16684.81337
2020-04-02,D能源供应,16878.34128
2020-04-03,D能源供应,16800.8147
2020-04-07,D能源供应,17005.93364
2020-04-08,D能源供应,16995.41975
2020-04-09,D能源供应,16993.41985
2020-04-10,D能源供应,16834.63053
2020-04-13,D能源供应,16812.88891
2020-04-14,D能源供应,16958.25827
2020-04-15,D能源供应,16804.30824
2020-04-16,D能源供应,17066.18186
2020-04-17,D能源供应,16982.60729
2020-04-20,D能源供应,16939.57921
2020-04-21,D能源供应,16870.65118
2020-04-22,D能源供应,16971.27244
2020-04-23,D能源供应,16936.1645
2020-04-24,D能源供应,16858.89089
2020-04-27,D能源供应,16904.9235
2020-04-28,D能源供应,16775.51813
2020-04-29,D能源供应,16763.62172
2020-04-30,D能源供应,16923.31607
2020-05-06,D能源供应,16926.24031
2020-05-07,D能源供应,16865.91314
2020-05-08,D能源供应,16935.79778
2020-05-11,D能源供应,16944.02929
2020-05-12,D能源供应,16930.00696
2020-05-13,D能源供应,16959.47246
2020-05-14,D能源供应,16825.63071
2020-05-15,D能源供应,16845.63484
2020-05-18,D能源供应,16810.78351
2020-05-19,D能源供应,16993.61574
2020-05-20,D能源供应,17006.20076
2020-05-21,D能源供应,16918.1301
2020-05-22,D能源供应,16755.95936
2020-05-25,D能源供应,16848.97294
2020-05-26,D能源供应,16914.1336
2020-05-27,D能源供应,16908.09618
2020-05-28,D能源供应,17131.23767
2020-05-29,D能源供应,17077.02863
2020-06-01,D能源供应,17346.86281
2020-06-02,D能源供应,17456.38383
2020-06-03,D能源供应,17415.72038
2020-06-04,D能源供应,17268.33746
2020-06-05,D能源供应,17266.73927
2020-06-08,D能源供应,17383.59788
2019-12-02,E建筑业,11943.15582
2019-12-03,E建筑业,11962.46977
2019-12-04,E建筑业,11903.95261
2019-12-05,E建筑业,11865.48265
2019-12-06,E建筑业,11896.34302
2019-12-09,E建筑业,12051.09931
2019-12-10,E建筑业,12049.34856
2019-12-11,E建筑业,12036.65153
2019-12-12,E建筑业,11974.90334
2019-12-13,E建筑业,12109.1251
2019-12-16,E建筑业,12210.0425
2019-12-17,E建筑业,12390.0117
2019-12-18,E建筑业,12323.21252
2019-12-19,E建筑业,12444.5478
2019-12-20,E建筑业,12355.58675
2019-12-23,E建筑业,12125.79618
2019-12-24,E建筑业,12241.3467
2019-12-25,E建筑业,12206.33316
2019-12-26,E建筑业,12361.31342
2019-12-27,E建筑业,12333.66898
2019-12-30,E建筑业,12468.77749
2019-12-31,E建筑业,12613.60854
2020-01-02,E建筑业,12916.98395
2020-01-03,E建筑业,12898.71811
2020-01-06,E建筑业,12901.56133
2020-01-07,E建筑业,12948.97382
2020-01-08,E建筑业,12756.86944
2020-01-09,E建筑业,12849.5925
2020-01-10,E建筑业,12778.94798
2020-01-13,E建筑业,12855.23112
2020-01-14,E建筑业,12866.98745
2020-01-15,E建筑业,12695.06943
2020-01-16,E建筑业,12617.90966
2020-01-17,E建筑业,12641.705
2020-01-20,E建筑业,12732.75727
2020-01-21,E建筑业,12486.19788
2020-01-22,E建筑业,12508.09033
2020-01-23,E建筑业,12114.62219
2020-02-03,E建筑业,10941.28871
2020-02-04,E建筑业,10927.18037
2020-02-05,E建筑业,11038.61849
2020-02-06,E建筑业,11264.08252
2020-02-07,E建筑业,11276.86446
2020-02-10,E建筑业,11478.5517
2020-02-11,E建筑业,11525.47351
2020-02-12,E建筑业,11622.13823
2020-02-13,E建筑业,11573.23062
2020-02-14,E建筑业,11646.82141
2020-02-17,E建筑业,11866.92724
2020-02-18,E建筑业,11833.81531
2020-02-19,E建筑业,11785.30428
2020-02-20,E建筑业,11929.33906
2020-02-21,E建筑业,11919.99438
2020-02-24,E建筑业,11823.69485
2020-02-25,E建筑业,11621.56606
2020-02-26,E建筑业,12210.80537
2020-02-27,E建筑业,12193.34078
2020-02-28,E建筑业,11999.28557
2020-03-02,E建筑业,13024.58991
2020-03-03,E建筑业,13087.93626
2020-03-04,E建筑业,13365.15754
2020-03-05,E建筑业,13369.73497
2020-03-06,E建筑业,13003.94568
2020-03-09,E建筑业,12525.71226
2020-03-10,E建筑业,12887.80388
2020-03-11,E建筑业,12675.85874
2020-03-12,E建筑业,12507.05251
2020-03-13,E建筑业,12348.3265
2020-03-16,E建筑业,12036.78115
2020-03-17,E建筑业,12070.34122
2020-03-18,E建筑业,11847.33049
2020-03-19,E建筑业,11719.48266
2020-03-20,E建筑业,11910.14633
2020-03-23,E建筑业,11521.65697
2020-03-24,E建筑业,11674.04392
2020-03-25,E建筑业,11866.89839
2020-03-26,E建筑业,11626.16521
2020-03-27,E建筑业,11926.99669
2020-03-30,E建筑业,11967.63891
2020-03-31,E建筑业,11846.40191
2020-04-01,E建筑业,11713.41694
2020-04-02,E建筑业,11886.69878
2020-04-03,E建筑业,11743.25479
2020-04-07,E建筑业,11885.60274
2020-04-08,E建筑业,12008.56004
2020-04-09,E建筑业,12013.18505
2020-04-10,E建筑业,11818.48794
2020-04-13,E建筑业,11796.29983
2020-04-14,E建筑业,11905.87071
2020-04-15,E建筑业,11814.38263
2020-04-16,E建筑业,11795.5978
2020-04-17,E建筑业,12048.53675
2020-04-20,E建筑业,12155.49128
2020-04-21,E建筑业,12175.12994
2020-04-22,E建筑业,12130.92273
2020-04-23,E建筑业,12178.61003
2020-04-24,E建筑业,12013.24603
2020-04-27,E建筑业,11981.92256
2020-04-28,E建筑业,11757.02907
2020-04-29,E建筑业,11673.612
2020-04-30,E建筑业,11910.89833
2020-05-06,E建筑业,12103.84017
2020-05-07,E建筑业,12007.09381
2020-05-08,E建筑业,12033.97593
2020-05-11,E建筑业,12086.99557
2020-05-12,E建筑业,11956.61024
2020-05-13,E建筑业,11961.44599
2020-05-14,E建筑业,11802.60524
2020-05-15,E建筑业,11782.68361
2020-05-18,E建筑业,11846.74776
2020-05-19,E建筑业,11891.5811
2020-05-20,E建筑业,11791.80209
2020-05-21,E建筑业,11663.08704
2020-05-22,E建筑业,11486.0504
2020-05-25,E建筑业,11398.56948
2020-05-26,E建筑业,11505.08837
2020-05-27,E建筑业,11441.09911
2020-05-28,E建筑业,11429.59981
2020-05-29,E建筑业,11391.20152
2020-06-01,E建筑业,11603.51893
2020-06-02,E建筑业,11683.80819
2020-06-03,E建筑业,11591.26319
2020-06-04,E建筑业,11523.00869
2020-06-05,E建筑业,11469.68418
2020-06-08,E建筑业,11532.70146
2019-12-02,F批发零售,12855.6766
2019-12-03,F批发零售,12917.73504
2019-12-04,F批发零售,12879.79917
2019-12-05,F批发零售,12996.88419
2019-12-06,F批发零售,13098.68401
2019-12-09,F批发零售,13084.81027
2019-12-10,F批发零售,13125.11319
2019-12-11,F批发零售,13123.01538
2019-12-12,F批发零售,13079.9001
2019-12-13,F批发零售,13212.70264
2019-12-16,F批发零售,13385.04309
2019-12-17,F批发零售,13534.48568
2019-12-18,F批发零售,13520.54103
2019-12-19,F批发零售,14208.44158
2019-12-20,F批发零售,14048.31976
2019-12-23,F批发零售,13851.0638
2019-12-24,F批发零售,13957.75376
2019-12-25,F批发零售,13972.75968
2019-12-26,F批发零售,14009.45848
2019-12-27,F批发零售,13862.67568
2019-12-30,F批发零售,14045.55706
2019-12-31,F批发零售,14158.03878
2020-01-02,F批发零售,14395.86709
2020-01-03,F批发零售,14461.8563
2020-01-06,F批发零售,14591.40958
2020-01-07,F批发零售,14780.3945
2020-01-08,F批发零售,14534.35309
2020-01-09,F批发零售,14752.49607
2020-01-10,F批发零售,14805.79249
2020-01-13,F批发零售,14883.59373
2020-01-14,F批发零售,14689.85449
2020-01-15,F批发零售,14828.91585
2020-01-16,F批发零售,14729.54615
2020-01-17,F批发零售,14657.49336
2020-01-20,F批发零售,14785.13246
2020-01-21,F批发零售,14608.60994
2020-01-22,F批发零售,14706.2235
2020-01-23,F批发零售,14235.00286
2020-02-03,F批发零售,13322.22136
2020-02-04,F批发零售,13329.4413
2020-02-05,F批发零售,13627.81349
2020-02-06,F批发零售,14029.0368
2020-02-07,F批发零售,14057.97956
2020-02-10,F批发零售,14239.77383
2020-02-11,F批发零售,14093.05491
2020-02-12,F批发零售,14161.29651
2020-02-13,F批发零售,13988.60959
2020-02-14,F批发零售,13899.93669
2020-02-17,F批发零售,14299.96426
2020-02-18,F批发零售,14413.37508
2020-02-19,F批发零售,14297.83667
2020-02-20,F批发零售,14473.67889
2020-02-21,F批发零售,14545.80911
2020-02-24,F批发零售,14608.5068
2020-02-25,F批发零售,14586.91367
2020-02-26,F批发零售,14499.02912
2020-02-27,F批发零售,14538.22122
2020-02-28,F批发零售,14028.26059
2020-03-02,F批发零售,14463.29815
2020-03-03,F批发零售,14628.69522
2020-03-04,F批发零售,14899.69543
2020-03-05,F批发零售,15190.4638
2020-03-06,F批发零售,15288.12176
2020-03-09,F批发零售,14923.26314
2020-03-10,F批发零售,15151.47291
2020-03-11,F批发零售,15153.69313
2020-03-12,F批发零售,14839.4983
2020-03-13,F批发零售,14565.80981
2020-03-16,F批发零售,14133.2233
2020-03-17,F批发零售,14017.45788
2020-03-18,F批发零售,13800.83636
2020-03-19,F批发零售,13994.05829
2020-03-20,F批发零售,14240.29146
2020-03-23,F批发零售,13747.9061
2020-03-24,F批发零售,14010.37825
2020-03-25,F批发零售,14304.0411
2020-03-26,F批发零售,14364.17743
2020-03-27,F批发零售,14387.22056
2020-03-30,F批发零售,14319.46558
2020-03-31,F批发零售,14460.82273
2020-04-01,F批发零售,14222.5811
2020-04-02,F批发零售,14349.5639
2020-04-03,F批发零售,14403.6665
2020-04-07,F批发零售,14826.70109
2020-04-08,F批发零售,14793.01584
2020-04-09,F批发零售,14937.03127
2020-04-10,F批发零售,14631.75626
2020-04-13,F批发零售,14571.49049
2020-04-14,F批发零售,14803.9966
2020-04-15,F批发零售,14732.63842
2020-04-16,F批发零售,14725.40536
2020-04-17,F批发零售,14629.07058
2020-04-20,F批发零售,14725.50931
2020-04-21,F批发零售,14641.98653
2020-04-22,F批发零售,14843.97009
2020-04-23,F批发零售,14879.72671
2020-04-24,F批发零售,14595.0888
2020-04-27,F批发零售,14677.08633
2020-04-28,F批发零售,14547.88483
2020-04-29,F批发零售,14356.90473
2020-04-30,F批发零售,14451.43591
2020-05-06,F批发零售,14563.91847
2020-05-07,F批发零售,14706.88534
2020-05-08,F批发零售,14809.50006
2020-05-11,F批发零售,14701.22712
2020-05-12,F批发零售,14756.52186
2020-05-13,F批发零售,14910.74708
2020-05-14,F批发零售,14814.3495
2020-05-15,F批发零售,14784.4692
2020-05-18,F批发零售,14868.87195
2020-05-19,F批发零售,15050.86889
2020-05-20,F批发零售,14845.19459
2020-05-21,F批发零售,14775.34027
2020-05-22,F批发零售,14539.18261
2020-05-25,F批发零售,14617.57106
2020-05-26,F批发零售,14862.09825
2020-05-27,F批发零售,14873.58454
2020-05-28,F批发零售,14803.1809
2020-05-29,F批发零售,15090.96718
2020-06-01,F批发零售,15414.43029
2020-06-02,F批发零售,15469.76094
2020-06-03,F批发零售,15479.98098
2020-06-04,F批发零售,15587.5673
2020-06-05,F批发零售,15447.20184
2020-06-08,F批发零售,15280.2042
2019-12-02,G交通邮储,18984.67061
2019-12-03,G交通邮储,19023.88436
2019-12-04,G交通邮储,19012.75445
2019-12-05,G交通邮储,19133.51232
2019-12-06,G交通邮储,19278.82135
2019-12-09,G交通邮储,19160.07306
2019-12-10,G交通邮储,19118.71843
2019-12-11,G交通邮储,19194.09312
2019-12-12,G交通邮储,19154.73313
2019-12-13,G交通邮储,19462.89664
2019-12-16,G交通邮储,19687.26074
2019-12-17,G交通邮储,19889.19325
2019-12-18,G交通邮储,19804.24125
2019-12-19,G交通邮储,19949.6609
2019-12-20,G交通邮储,19896.21747
2019-12-23,G交通邮储,19596.63231
2019-12-24,G交通邮储,19695.33925
2019-12-25,G交通邮储,19664.43124
2019-12-26,G交通邮储,19788.97026
2019-12-27,G交通邮储,19814.17511
2019-12-30,G交通邮储,20041.18824
2019-12-31,G交通邮储,20143.24204
2020-01-02,G交通邮储,20266.92569
2020-01-03,G交通邮储,20165.67629
2020-01-06,G交通邮储,19977.11916
2020-01-07,G交通邮储,20122.65383
2020-01-08,G交通邮储,19796.39913
2020-01-09,G交通邮储,20118.86397
2020-01-10,G交通邮储,20079.83287
2020-01-13,G交通邮储,20151.68423
2020-01-14,G交通邮储,20105.51395
2020-01-15,G交通邮储,19900.16177
2020-01-16,G交通邮储,23094.83249
2020-01-17,G交通邮储,22966.28078
2020-01-20,G交通邮储,23384.54183
2020-01-21,G交通邮储,23247.70713
2020-01-22,G交通邮储,23011.24294
2020-01-23,G交通邮储,22389.76198
2020-02-03,G交通邮储,20484.62575
2020-02-04,G交通邮储,20650.66126
2020-02-05,G交通邮储,21385.5656
2020-02-06,G交通邮储,21857.65437
2020-02-07,G交通邮储,21960.58413
2020-02-10,G交通邮储,22051.23522
2020-02-11,G交通邮储,22044.66386
2020-02-12,G交通邮储,22122.07412
2020-02-13,G交通邮储,21796.16573
2020-02-14,G交通邮储,21726.12344
2020-02-17,G交通邮储,22297.15098
2020-02-18,G交通邮储,22416.50272
2020-02-19,G交通邮储,22354.07161
2020-02-20,G交通邮储,22790.6722
2020-02-21,G交通邮储,22678.08246
2020-02-24,G交通邮储,22170.95017
2020-02-25,G交通邮储,22117.89152
2020-02-26,G交通邮储,22023.11552
2020-02-27,G交通邮储,22016.417
2020-02-28,G交通邮储,21274.59165
2020-03-02,G交通邮储,21840.44634
2020-03-03,G交通邮储,21923.10359
2020-03-04,G交通邮储,22123.82571
2020-03-05,G交通邮储,22473.70887
2020-03-06,G交通邮储,22164.63628
2020-03-09,G交通邮储,21921.50837
2020-03-10,G交通邮储,22116.99834
2020-03-11,G交通邮储,22271.08897
2020-03-12,G交通邮储,21803.83978
2020-03-13,G交通邮储,21430.80889
2020-03-16,G交通邮储,20822.01555
2020-03-17,G交通邮储,20586.00134
2020-03-18,G交通邮储,20347.00711
2020-03-19,G交通邮储,20070.31169
2020-03-20,G交通邮储,20345.43055
2020-03-23,G交通邮储,19727.54414
2020-03-24,G交通邮储,20117.25809
2020-03-25,G交通邮储,20701.82733
2020-03-26,G交通邮储,20528.38048
2020-03-27,G交通邮储,20506.21016
2020-03-30,G交通邮储,20247.33828
2020-03-31,G交通邮储,20508.17343
2020-04-01,G交通邮储,20271.33846
2020-04-02,G交通邮储,20462.16749
2020-04-03,G交通邮储,20433.27786
2020-04-07,G交通邮储,20836.36836
2020-04-08,G交通邮储,20920.46442
2020-04-09,G交通邮储,20937.72863
2020-04-10,G交通邮储,20787.70805
2020-04-13,G交通邮储,20573.37317
2020-04-14,G交通邮储,20810.98068
2020-04-15,G交通邮储,20690.85658
2020-04-16,G交通邮储,20637.32964
2020-04-17,G交通邮储,20872.60217
2020-04-20,G交通邮储,20896.6282
2020-04-21,G交通邮储,20732.31332
2020-04-22,G交通邮储,20852.83419
2020-04-23,G交通邮储,21054.18758
2020-04-24,G交通邮储,20741.62741
2020-04-27,G交通邮储,20625.74556
2020-04-28,G交通邮储,20582.45209
2020-04-29,G交通邮储,20819.89488
2020-04-30,G交通邮储,21118.95153
2020-05-06,G交通邮储,20921.23924
2020-05-07,G交通邮储,20740.94363
2020-05-08,G交通邮储,20834.68084
2020-05-11,G交通邮储,20909.15279
2020-05-12,G交通邮储,20753.34078
2020-05-13,G交通邮储,20826.68457
2020-05-14,G交通邮储,20569.82996
2020-05-15,G交通邮储,20589.81734
2020-05-18,G交通邮储,20708.70332
2020-05-19,G交通邮储,20931.17818
2020-05-20,G交通邮储,20710.4475
2020-05-21,G交通邮储,20520.79326
2020-05-22,G交通邮储,20322.39596
2020-05-25,G交通邮储,20392.34709
2020-05-26,G交通邮储,20600.38293
2020-05-27,G交通邮储,20579.73518
2020-05-28,G交通邮储,20658.9626
2020-05-29,G交通邮储,20849.60124
2020-06-01,G交通邮储,21261.97728
2020-06-02,G交通邮储,21477.69985
2020-06-03,G交通邮储,21448.76776
2020-06-04,G交通邮储,21416.3504
2020-06-05,G交通邮储,21772.86915
2020-06-08,G交通邮储,22024.41055
2019-12-02,H住宿餐饮,574.187847
2019-12-03,H住宿餐饮,575.5885613
2019-12-04,H住宿餐饮,568.1334962
2019-12-05,H住宿餐饮,574.9655795
2019-12-06,H住宿餐饮,575.0629379
2019-12-09,H住宿餐饮,574.989177
2019-12-10,H住宿餐饮,568.8206197
2019-12-11,H住宿餐饮,568.8318016
2019-12-12,H住宿餐饮,567.8678996
2019-12-13,H住宿餐饮,598.8745716
2019-12-16,H住宿餐饮,602.7717545
2019-12-17,H住宿餐饮,620.6492851
2019-12-18,H住宿餐饮,616.1036968
2019-12-19,H住宿餐饮,615.4846293
2019-12-20,H住宿餐饮,622.7987429
2019-12-23,H住宿餐饮,616.5532929
2019-12-24,H住宿餐饮,634.6534721
2019-12-25,H住宿餐饮,641.2003411
2019-12-26,H住宿餐饮,639.9200449
2019-12-27,H住宿餐饮,638.355257
2019-12-30,H住宿餐饮,645.0847317
2019-12-31,H住宿餐饮,633.3976684
2020-01-02,H住宿餐饮,631.6445184
2020-01-03,H住宿餐饮,630.343873
2020-01-06,H住宿餐饮,628.8338704
2020-01-07,H住宿餐饮,641.9560779
2020-01-08,H住宿餐饮,630.8913022
2020-01-09,H住宿餐饮,639.9464426
2020-01-10,H住宿餐饮,640.3932896
2020-01-13,H住宿餐饮,649.1772556
2020-01-14,H住宿餐饮,644.3138828
2020-01-15,H住宿餐饮,640.5044655
2020-01-16,H住宿餐饮,634.1701365
2020-01-17,H住宿餐饮,638.1442904
2020-01-20,H住宿餐饮,607.6360288
2020-01-21,H住宿餐饮,583.5543094
2020-01-22,H住宿餐饮,595.7858488
2020-01-23,H住宿餐饮,571.962553
2020-02-03,H住宿餐饮,516.4316368
2020-02-04,H住宿餐饮,515.5793676
2020-02-05,H住宿餐饮,512.6559772
2020-02-06,H住宿餐饮,519.7539914
2020-02-07,H住宿餐饮,544.5467669
2020-02-10,H住宿餐饮,540.141969
2020-02-11,H住宿餐饮,546.2729687
2020-02-12,H住宿餐饮,558.7653752
2020-02-13,H住宿餐饮,547.0979171
2020-02-14,H住宿餐饮,553.3859927
2020-02-17,H住宿餐饮,560.3918999
2020-02-18,H住宿餐饮,566.6998673
2020-02-19,H住宿餐饮,583.1752297
2020-02-20,H住宿餐饮,608.8791768
2020-02-21,H住宿餐饮,598.5309193
2020-02-24,H住宿餐饮,578.3909023
2020-02-25,H住宿餐饮,575.8942971
2020-02-26,H住宿餐饮,577.8653859
2020-02-27,H住宿餐饮,591.2167096
2020-02-28,H住宿餐饮,566.4026606
2020-03-02,H住宿餐饮,592.6352196
2020-03-03,H住宿餐饮,589.3730468
2020-03-04,H住宿餐饮,593.245853
2020-03-05,H住宿餐饮,609.2140581
2020-03-06,H住宿餐饮,598.4263695
2020-03-09,H住宿餐饮,571.8679676
2020-03-10,H住宿餐饮,593.4590078
2020-03-11,H住宿餐饮,602.0293964
2020-03-12,H住宿餐饮,591.1962245
2020-03-13,H住宿餐饮,583.1184403
2020-03-16,H住宿餐饮,559.5005607
2020-03-17,H住宿餐饮,542.5191252
2020-03-18,H住宿餐饮,535.5464142
2020-03-19,H住宿餐饮,538.7416025
2020-03-20,H住宿餐饮,560.6239059
2020-03-23,H住宿餐饮,531.230387
2020-03-24,H住宿餐饮,541.8058675
2020-03-25,H住宿餐饮,557.8641928
2020-03-26,H住宿餐饮,548.1019375
2020-03-27,H住宿餐饮,543.4552552
2020-03-30,H住宿餐饮,519.7214744
2020-03-31,H住宿餐饮,517.7319116
2020-04-01,H住宿餐饮,512.4818167
2020-04-02,H住宿餐饮,518.2079462
2020-04-03,H住宿餐饮,525.365281
2020-04-07,H住宿餐饮,538.1970718
2020-04-08,H住宿餐饮,550.9185267
2020-04-09,H住宿餐饮,558.197655
2020-04-10,H住宿餐饮,552.3588299
2020-04-13,H住宿餐饮,543.1946196
2020-04-14,H住宿餐饮,549.4325548
2020-04-15,H住宿餐饮,541.6307671
2020-04-16,H住宿餐饮,536.7401583
2020-04-17,H住宿餐饮,562.1160355
2020-04-20,H住宿餐饮,559.5686478
2020-04-21,H住宿餐饮,556.7262279
2020-04-22,H住宿餐饮,565.5747738
2020-04-23,H住宿餐饮,561.7909375
2020-04-24,H住宿餐饮,563.0470555
2020-04-27,H住宿餐饮,559.2792288
2020-04-28,H住宿餐饮,554.2044597
2020-04-29,H住宿餐饮,570.151306
2020-04-30,H住宿餐饮,600.0168805
2020-05-06,H住宿餐饮,582.524135
2020-05-07,H住宿餐饮,583.2497065
2020-05-08,H住宿餐饮,580.4599331
2020-05-11,H住宿餐饮,571.6611718
2020-05-12,H住宿餐饮,569.0241877
2020-05-13,H住宿餐饮,577.0978193
2020-05-14,H住宿餐饮,572.1888642
2020-05-15,H住宿餐饮,569.1696933
2020-05-18,H住宿餐饮,569.4703587
2020-05-19,H住宿餐饮,584.380327
2020-05-20,H住宿餐饮,580.1895315
2020-05-21,H住宿餐饮,583.658931
2020-05-22,H住宿餐饮,572.4749283
2020-05-25,H住宿餐饮,560.612771
2020-05-26,H住宿餐饮,568.181592
2020-05-27,H住宿餐饮,582.1478952
2020-05-28,H住宿餐饮,581.3555507
2020-05-29,H住宿餐饮,587.4650711
2020-06-01,H住宿餐饮,611.1061119
2020-06-02,H住宿餐饮,591.3958937
2020-06-03,H住宿餐饮,589.9506474
2020-06-04,H住宿餐饮,596.7987156
2020-06-05,H住宿餐饮,598.6852989
2020-06-08,H住宿餐饮,628.9035893
2019-12-02,I信息技术,31469.8592
2019-12-03,I信息技术,31499.05238
2019-12-04,I信息技术,31449.27333
2019-12-05,I信息技术,31986.36066
2019-12-06,I信息技术,32324.46245
2019-12-09,I信息技术,32774.49604
2019-12-10,I信息技术,33106.72627
2019-12-11,I信息技术,33022.40721
2019-12-12,I信息技术,32916.30139
2019-12-13,I信息技术,33452.42151
2019-12-16,I信息技术,34389.26961
2019-12-17,I信息技术,34716.52743
2019-12-18,I信息技术,35032.10897
2019-12-19,I信息技术,35089.79102
2019-12-20,I信息技术,34432.75146
2019-12-23,I信息技术,33463.25664
2019-12-24,I信息技术,34020.33513
2019-12-25,I信息技术,34455.70711
2019-12-26,I信息技术,34736.19573
2019-12-27,I信息技术,34235.10077
2019-12-30,I信息技术,34542.60366
2019-12-31,I信息技术,34612.28644
2020-01-02,I信息技术,35775.65661
2020-01-03,I信息技术,36059.36475
2020-01-06,I信息技术,36453.15364
2020-01-07,I信息技术,37325.6255
2020-01-08,I信息技术,36513.28904
2020-01-09,I信息技术,37418.89251
2020-01-10,I信息技术,37214.71323
2020-01-13,I信息技术,37665.66178
2020-01-14,I信息技术,37622.14259
2020-01-15,I信息技术,37842.94987
2020-01-16,I信息技术,37891.43601
2020-01-17,I信息技术,38236.65652
2020-01-20,I信息技术,39020.34601
2020-01-21,I信息技术,38185.59777
2020-01-22,I信息技术,38673.60034
2020-01-23,I信息技术,37425.46974
2020-02-03,I信息技术,33948.39842
2020-02-04,I信息技术,35020.86252
2020-02-05,I信息技术,36066.31903
2020-02-06,I信息技术,37953.92348
2020-02-07,I信息技术,39596.21078
2020-02-10,I信息技术,39720.10558
2020-02-11,I信息技术,39101.14376
2020-02-12,I信息技术,40700.27658
2020-02-13,I信息技术,40373.09043
2020-02-14,I信息技术,40224.42569
2020-02-17,I信息技术,41705.97738
2020-02-18,I信息技术,42721.10983
2020-02-19,I信息技术,41713.35383
2020-02-20,I信息技术,42350.48172
2020-02-21,I信息技术,43716.62506
2020-02-24,I信息技术,45003.34668
2020-02-25,I信息技术,44662.10674
2020-02-26,I信息技术,42543.65858
2020-02-27,I信息技术,43178.42475
2020-02-28,I信息技术,40467.84632
2020-03-02,I信息技术,42188.36978
2020-03-03,I信息技术,43153.88517
2020-03-04,I信息技术,42830.84225
2020-03-05,I信息技术,42725.91277
2020-03-06,I信息技术,42158.7664
2020-03-09,I信息技术,39819.51489
2020-03-10,I信息技术,41471.68686
2020-03-11,I信息技术,40451.14149
2020-03-12,I信息技术,39861.4799
2020-03-13,I信息技术,39904.72889
2020-03-16,I信息技术,37678.55121
2020-03-17,I信息技术,38238.68403
2020-03-18,I信息技术,37641.18109
2020-03-19,I信息技术,38476.40062
2020-03-20,I信息技术,38690.15928
2020-03-23,I信息技术,36854.74522
2020-03-24,I信息技术,37604.37957
2020-03-25,I信息技术,38491.70607
2020-03-26,I信息技术,38132.35713
2020-03-27,I信息技术,37479.33818
2020-03-30,I信息技术,35887.89527
2020-03-31,I信息技术,35747.24975
2020-04-01,I信息技术,35731.97046
2020-04-02,I信息技术,37117.81414
2020-04-03,I信息技术,36585.57383
2020-04-07,I信息技术,38031.76637
2020-04-08,I信息技术,38106.24503
2020-04-09,I信息技术,38889.92073
2020-04-10,I信息技术,37489.42377
2020-04-13,I信息技术,36678.00067
2020-04-14,I信息技术,37852.63718
2020-04-15,I信息技术,37597.86256
2020-04-16,I信息技术,38239.23101
2020-04-17,I信息技术,38284.00774
2020-04-20,I信息技术,38679.82578
2020-04-21,I信息技术,39203.14504
2020-04-22,I信息技术,39337.41964
2020-04-23,I信息技术,38674.47735
2020-04-24,I信息技术,37812.19662
2020-04-27,I信息技术,37601.15226
2020-04-28,I信息技术,37048.69291
2020-04-29,I信息技术,37037.75399
2020-04-30,I信息技术,38341.07927
2020-05-06,I信息技术,39369.1991
2020-05-07,I信息技术,39285.08523
2020-05-08,I信息技术,39899.24397
2020-05-11,I信息技术,39765.08228
2020-05-12,I信息技术,39694.80261
2020-05-13,I信息技术,39981.62477
2020-05-14,I信息技术,39785.52015
2020-05-15,I信息技术,40079.1448
2020-05-18,I信息技术,39348.31591
2020-05-19,I信息技术,40162.10108
2020-05-20,I信息技术,39577.30384
2020-05-21,I信息技术,38693.6326
2020-05-22,I信息技术,37934.45828
2020-05-25,I信息技术,37591.20368
2020-05-26,I信息技术,38569.47886
2020-05-27,I信息技术,37782.26313
2020-05-28,I信息技术,37789.35843
2020-05-29,I信息技术,38287.70307
2020-06-01,I信息技术,39714.71294
2020-06-02,I信息技术,39678.39874
2020-06-03,I信息技术,39575.00413
2020-06-04,I信息技术,39292.80888
2020-06-05,I信息技术,39611.76609
2020-06-08,I信息技术,39315.19549
2019-12-02,J金融业,120739.9458
2019-12-03,J金融业,121220.9042
2019-12-04,J金融业,120604.198
2019-12-05,J金融业,121682.4099
2019-12-06,J金融业,121704.5545
2019-12-09,J金融业,121424.8011
2019-12-10,J金融业,124828.0992
2019-12-11,J金融业,125669.7285
2019-12-12,J金融业,125299.7175
2019-12-13,J金融业,128713.3121
2019-12-16,J金融业,128826.2539
2019-12-17,J金融业,131065.7253
2019-12-18,J金融业,131247.1877
2019-12-19,J金融业,131322.1099
2019-12-20,J金融业,131363.3063
2019-12-23,J金融业,129330.3744
2019-12-24,J金融业,129925.5938
2019-12-25,J金融业,129496.449
2019-12-26,J金融业,131079.9102
2019-12-27,J金融业,130637.4452
2019-12-30,J金融业,132601.5319
2019-12-31,J金融业,132330.7227
2020-01-02,J金融业,133978.8481
2020-01-03,J金融业,134125.0628
2020-01-06,J金融业,133087.5957
2020-01-07,J金融业,134040.305
2020-01-08,J金融业,131629.7153
2020-01-09,J金融业,132478.0022
2020-01-10,J金融业,132510.3956
2020-01-13,J金融业,133310.8528
2020-01-14,J金融业,133157.5036
2020-01-15,J金融业,132000.9078
2020-01-16,J金融业,130876.425
2020-01-17,J金融业,130971.8297
2020-01-20,J金融业,132186.4639
2020-01-21,J金融业,130131.1726
2020-01-22,J金融业,130512.6554
2020-01-23,J金融业,127124.247
2020-02-03,J金融业,117891.3775
2020-02-04,J金融业,119769.9822
2020-02-05,J金融业,120044.2685
2020-02-06,J金融业,121405.7877
2020-02-07,J金融业,120910.4845
2020-02-10,J金融业,120943.0427
2020-02-11,J金融业,121762.7671
2020-02-12,J金融业,122422.3412
2020-02-13,J金融业,121217.7107
2020-02-14,J金融业,122296.2043
2020-02-17,J金融业,125202.8662
2020-02-18,J金融业,124187.8531
2020-02-19,J金融业,124433.7657
2020-02-20,J金融业,127671.4485
2020-02-21,J金融业,127251.9985
2020-02-24,J金融业,126121.3703
2020-02-25,J金融业,125426.9146
2020-02-26,J金融业,125293.8217
2020-02-27,J金融业,125580.361
2020-02-28,J金融业,121168.9698
2020-03-02,J金融业,124191.4489
2020-03-03,J金融业,124617.0285
2020-03-04,J金融业,125871.2039
2020-03-05,J金融业,129136.9748
2020-03-06,J金融业,126608.4363
2020-03-09,J金融业,123340.5873
2020-03-10,J金融业,125416.162
2020-03-11,J金融业,123390.5304
2020-03-12,J金融业,122633.7933
2020-03-13,J金融业,121152.959
2020-03-16,J金融业,117055.7364
2020-03-17,J金融业,116899.1062
2020-03-18,J金融业,114217.953
2020-03-19,J金融业,112848.3676
2020-03-20,J金融业,114629.0053
2020-03-23,J金融业,111692.9749
2020-03-24,J金融业,114361.497
2020-03-25,J金融业,116436.0279
2020-03-26,J金融业,116140.4751
2020-03-27,J金融业,116455.7662
2020-03-30,J金融业,115885.7094
2020-03-31,J金融业,114933.6921
2020-04-01,J金融业,114727.679
2020-04-02,J金融业,115963.4156
2020-04-03,J金融业,114868.5185
2020-04-07,J金融业,116484.1067
2020-04-08,J金融业,115710.6113
2020-04-09,J金融业,115983.3668
2020-04-10,J金融业,115650.2257
2020-04-13,J金融业,115026.2588
2020-04-14,J金融业,116603.2137
2020-04-15,J金融业,115940.9914
2020-04-16,J金融业,116153.9217
2020-04-17,J金融业,117179.195
2020-04-20,J金融业,117182.5659
2020-04-21,J金融业,116137.9966
2020-04-22,J金融业,116186.7797
2020-04-23,J金融业,115540.1877
2020-04-24,J金融业,114627.3049
2020-04-27,J金融业,115608.001
2020-04-28,J金融业,116140.902
2020-04-29,J金融业,117780.9331
2020-04-30,J金融业,118799.428
2020-05-06,J金融业,117997.1104
2020-05-07,J金融业,117404.0632
2020-05-08,J金融业,118474.6296
2020-05-11,J金融业,118699.7817
2020-05-12,J金融业,118067.1761
2020-05-13,J金融业,118048.6432
2020-05-14,J金融业,116724.6193
2020-05-15,J金融业,116632.487
2020-05-18,J金融业,116490.742
2020-05-19,J金融业,117252.7983
2020-05-20,J金融业,117365.5537
2020-05-21,J金融业,116702.1949
2020-05-22,J金融业,114429.3272
2020-05-25,J金融业,114203.8849
2020-05-26,J金融业,114747.3016
2020-05-27,J金融业,114810.9259
2020-05-28,J金融业,116255.8525
2020-05-29,J金融业,115317.3707
2020-06-01,J金融业,117832.655
2020-06-02,J金融业,118607.108
2020-06-03,J金融业,119119.3561
2020-06-04,J金融业,118794.8482
2020-06-05,J金融业,119377.7228
2020-06-08,J金融业,119877.7404
2019-12-02,K房地产业,19686.86264
2019-12-03,K房地产业,19843.30145
2019-12-04,K房地产业,19797.6128
2019-12-05,K房地产业,19829.45611
2019-12-06,K房地产业,19914.8458
2019-12-09,K房地产业,20275.21656
2019-12-10,K房地产业,20227.12172
2019-12-11,K房地产业,20331.48813
2019-12-12,K房地产业,20215.73575
2019-12-13,K房地产业,20460.46908
2019-12-16,K房地产业,20805.9763
2019-12-17,K房地产业,21186.00581
2019-12-18,K房地产业,21110.87463
2019-12-19,K房地产业,21199.74956
2019-12-20,K房地产业,21591.20665
2019-12-23,K房地产业,21145.86396
2019-12-24,K房地产业,21082.13918
2019-12-25,K房地产业,21006.7424
2019-12-26,K房地产业,21463.75748
2019-12-27,K房地产业,21428.0834
2019-12-30,K房地产业,21759.92829
2019-12-31,K房地产业,21874.21535
2020-01-02,K房地产业,22068.4999
2020-01-03,K房地产业,21933.35292
2020-01-06,K房地产业,21730.22972
2020-01-07,K房地产业,21919.29848
2020-01-08,K房地产业,21526.16275
2020-01-09,K房地产业,21927.58222
2020-01-10,K房地产业,21739.49912
2020-01-13,K房地产业,21895.95101
2020-01-14,K房地产业,21847.68511
2020-01-15,K房地产业,21562.4455
2020-01-16,K房地产业,21503.81358
2020-01-17,K房地产业,21441.10334
2020-01-20,K房地产业,21350.25689
2020-01-21,K房地产业,20900.08219
2020-01-22,K房地产业,21149.42176
2020-01-23,K房地产业,20388.72062
2020-02-03,K房地产业,18446.58713
2020-02-04,K房地产业,18498.59965
2020-02-05,K房地产业,18679.25289
2020-02-06,K房地产业,18875.4963
2020-02-07,K房地产业,18819.00344
2020-02-10,K房地产业,19248.1386
2020-02-11,K房地产业,19417.17531
2020-02-12,K房地产业,19451.78585
2020-02-13,K房地产业,19694.41881
2020-02-14,K房地产业,20219.11626
2020-02-17,K房地产业,20404.04624
2020-02-18,K房地产业,20219.65689
2020-02-19,K房地产业,20267.15292
2020-02-20,K房地产业,20454.08741
2020-02-21,K房地产业,20297.00609
2020-02-24,K房地产业,20012.78574
2020-02-25,K房地产业,19976.4881
2020-02-26,K房地产业,20397.97486
2020-02-27,K房地产业,20175.6662
2020-02-28,K房地产业,19757.11404
2020-03-02,K房地产业,20655.21413
2020-03-03,K房地产业,20671.28411
2020-03-04,K房地产业,21417.63948
2020-03-05,K房地产业,21592.68109
2020-03-06,K房地产业,21063.69448
2020-03-09,K房地产业,20450.95029
2020-03-10,K房地产业,20727.48946
2020-03-11,K房地产业,20594.74767
2020-03-12,K房地产业,20297.13724
2020-03-13,K房地产业,20087.23393
2020-03-16,K房地产业,19541.69031
2020-03-17,K房地产业,19268.65174
2020-03-18,K房地产业,18529.05016
2020-03-19,K房地产业,18081.9815
2020-03-20,K房地产业,18613.05799
2020-03-23,K房地产业,17882.50993
2020-03-24,K房地产业,18298.8038
2020-03-25,K房地产业,19089.94119
2020-03-26,K房地产业,18901.58543
2020-03-27,K房地产业,19091.13785
2020-03-30,K房地产业,18859.10207
2020-03-31,K房地产业,18723.6484
2020-04-01,K房地产业,18788.80854
2020-04-02,K房地产业,18989.30367
2020-04-03,K房地产业,18968.85345
2020-04-07,K房地产业,19215.67778
2020-04-08,K房地产业,19147.60218
2020-04-09,K房地产业,19109.48301
2020-04-10,K房地产业,19034.73055
2020-04-13,K房地产业,18964.51567
2020-04-14,K房地产业,19303.61494
2020-04-15,K房地产业,19053.14518
2020-04-16,K房地产业,19104.6498
2020-04-17,K房地产业,19190.25476
2020-04-20,K房地产业,19161.86072
2020-04-21,K房地产业,18919.76114
2020-04-22,K房地产业,19018.36039
2020-04-23,K房地产业,19004.03664
2020-04-24,K房地产业,18822.57559
2020-04-27,K房地产业,18992.31973
2020-04-28,K房地产业,18895.60388
2020-04-29,K房地产业,19220.4211
2020-04-30,K房地产业,19316.00883
2020-05-06,K房地产业,19284.18329
2020-05-07,K房地产业,19132.87909
2020-05-08,K房地产业,19326.44825
2020-05-11,K房地产业,19219.07681
2020-05-12,K房地产业,19021.074
2020-05-13,K房地产业,19064.82495
2020-05-14,K房地产业,18937.94476
2020-05-15,K房地产业,18992.84952
2020-05-18,K房地产业,19093.28566
2020-05-19,K房地产业,19077.46598
2020-05-20,K房地产业,18886.60604
2020-05-21,K房地产业,18853.75292
2020-05-22,K房地产业,18493.71522
2020-05-25,K房地产业,18769.43645
2020-05-26,K房地产业,18960.90265
2020-05-27,K房地产业,19016.13189
2020-05-28,K房地产业,19082.40188
2020-05-29,K房地产业,18900.85732
2020-06-01,K房地产业,18101.3611
2020-06-02,K房地产业,18414.82967
2020-06-03,K房地产业,18322.39459
2020-06-04,K房地产业,18210.62894
2020-06-05,K房地产业,18170.07298
2020-06-08,K房地产业,19604.85984
2019-12-02,L租赁商务,5920.126919
2019-12-03,L租赁商务,5942.084916
2019-12-04,L租赁商务,5947.822017
2019-12-05,L租赁商务,5995.937677
2019-12-06,L租赁商务,6011.417203
2019-12-09,L租赁商务,5989.425354
2019-12-10,L租赁商务,6056.070087
2019-12-11,L租赁商务,6078.088116
2019-12-12,L租赁商务,6032.259554
2019-12-13,L租赁商务,6139.400481
2019-12-16,L租赁商务,6106.604796
2019-12-17,L租赁商务,6136.623745
2019-12-18,L租赁商务,6169.497821
2019-12-19,L租赁商务,6219.053975
2019-12-20,L租赁商务,6239.506911
2019-12-23,L租赁商务,6125.606367
2019-12-24,L租赁商务,6202.927189
2019-12-25,L租赁商务,6215.533605
2019-12-26,L租赁商务,6278.760634
2019-12-27,L租赁商务,6295.610964
2019-12-30,L租赁商务,6316.945421
2019-12-31,L租赁商务,6323.773472
2020-01-02,L租赁商务,6503.608457
2020-01-03,L租赁商务,6571.759079
2020-01-06,L租赁商务,6559.325463
2020-01-07,L租赁商务,6688.519363
2020-01-08,L租赁商务,6592.676173
2020-01-09,L租赁商务,6748.454434
2020-01-10,L租赁商务,6749.486706
2020-01-13,L租赁商务,6697.405782
2020-01-14,L租赁商务,6630.588543
2020-01-15,L租赁商务,6593.035778
2020-01-16,L租赁商务,6581.264755
2020-01-17,L租赁商务,6556.354123
2020-01-20,L租赁商务,6491.665438
2020-01-21,L租赁商务,6297.873024
2020-01-22,L租赁商务,6320.483658
2020-01-23,L租赁商务,6061.907154
2020-02-03,L租赁商务,5458.413333
2020-02-04,L租赁商务,5381.880042
2020-02-05,L租赁商务,5513.020511
2020-02-06,L租赁商务,5661.387159
2020-02-07,L租赁商务,5701.049662
2020-02-10,L租赁商务,5776.02207
2020-02-11,L租赁商务,5802.712025
2020-02-12,L租赁商务,5717.583698
2020-02-13,L租赁商务,5618.141913
2020-02-14,L租赁商务,5836.218499
2020-02-17,L租赁商务,5999.65094
2020-02-18,L租赁商务,6010.413946
2020-02-19,L租赁商务,6028.490767
2020-02-20,L租赁商务,6181.540521
2020-02-21,L租赁商务,6169.457269
2020-02-24,L租赁商务,6118.018068
2020-02-25,L租赁商务,6068.175219
2020-02-26,L租赁商务,6028.812184
2020-02-27,L租赁商务,6020.864654
2020-02-28,L租赁商务,5728.08099
2020-03-02,L租赁商务,5883.013295
2020-03-03,L租赁商务,5952.188292
2020-03-04,L租赁商务,6039.474281
2020-03-05,L租赁商务,6214.799258
2020-03-06,L租赁商务,6170.500209
2020-03-09,L租赁商务,5926.40426
2020-03-10,L租赁商务,6046.383018
2020-03-11,L租赁商务,6025.161805
2020-03-12,L租赁商务,5872.516887
2020-03-13,L租赁商务,5885.952847
2020-03-16,L租赁商务,5577.887759
2020-03-17,L租赁商务,5528.065342
2020-03-18,L租赁商务,5383.422102
2020-03-19,L租赁商务,5346.287141
2020-03-20,L租赁商务,5482.230173
2020-03-23,L租赁商务,5281.036866
2020-03-24,L租赁商务,5374.489568
2020-03-25,L租赁商务,5473.258618
2020-03-26,L租赁商务,5388.626223
2020-03-27,L租赁商务,5375.566084
2020-03-30,L租赁商务,5190.99213
2020-03-31,L租赁商务,5234.924813
2020-04-01,L租赁商务,5235.600652
2020-04-02,L租赁商务,5356.686022
2020-04-03,L租赁商务,5315.737633
2020-04-07,L租赁商务,5481.854162
2020-04-08,L租赁商务,5489.168258
2020-04-09,L租赁商务,5572.644827
2020-04-10,L租赁商务,5483.410148
2020-04-13,L租赁商务,5434.078094
2020-04-14,L租赁商务,5555.759815
2020-04-15,L租赁商务,5486.43922
2020-04-16,L租赁商务,5554.677245
2020-04-17,L租赁商务,5644.215357
2020-04-20,L租赁商务,5735.350026
2020-04-21,L租赁商务,5795.206291
2020-04-22,L租赁商务,5941.740846
2020-04-23,L租赁商务,5965.190016
2020-04-24,L租赁商务,5954.77701
2020-04-27,L租赁商务,5972.599726
2020-04-28,L租赁商务,5938.132036
2020-04-29,L租赁商务,5973.592053
2020-04-30,L租赁商务,5996.601254
2020-05-06,L租赁商务,6062.383428
2020-05-07,L租赁商务,6074.869357
2020-05-08,L租赁商务,6144.106478
2020-05-11,L租赁商务,6101.797202
2020-05-12,L租赁商务,6156.45543
2020-05-13,L租赁商务,6207.540638
2020-05-14,L租赁商务,6151.418818
2020-05-15,L租赁商务,6172.31774
2020-05-18,L租赁商务,6124.494927
2020-05-19,L租赁商务,6231.512956
2020-05-20,L租赁商务,6184.943871
2020-05-21,L租赁商务,6184.352442
2020-05-22,L租赁商务,6069.798605
2020-05-25,L租赁商务,6144.225842
2020-05-26,L租赁商务,6421.098627
2020-05-27,L租赁商务,6392.22611
2020-05-28,L租赁商务,6425.884242
2020-05-29,L租赁商务,6632.604145
2020-06-01,L租赁商务,6857.343931
2020-06-02,L租赁商务,6796.080929
2020-06-03,L租赁商务,6912.078503
2020-06-04,L租赁商务,6965.881853
2020-06-05,L租赁商务,7078.030454
2020-06-08,L租赁商务,7047.371886
2019-12-02,M科研技术,4255.700187
2019-12-03,M科研技术,4275.752691
2019-12-04,M科研技术,4311.864685
2019-12-05,M科研技术,4378.787621
2019-12-06,M科研技术,4405.906368
2019-12-09,M科研技术,4380.537434
2019-12-10,M科研技术,4399.470108
2019-12-11,M科研技术,4389.791836
2019-12-12,M科研技术,4373.460002
2019-12-13,M科研技术,4473.500217
2019-12-16,M科研技术,4538.488524
2019-12-17,M科研技术,4607.568549
2019-12-18,M科研技术,4545.281696
2019-12-19,M科研技术,4585.833244
2019-12-20,M科研技术,4524.389283
2019-12-23,M科研技术,4469.408989
2019-12-24,M科研技术,4495.793967
2019-12-25,M科研技术,4506.107319
2019-12-26,M科研技术,4547.071028
2019-12-27,M科研技术,4502.253085
2019-12-30,M科研技术,4499.86436
2019-12-31,M科研技术,4536.534826
2020-01-02,M科研技术,4567.822658
2020-01-03,M科研技术,4523.64391
2020-01-06,M科研技术,4462.588539
2020-01-07,M科研技术,4534.524958
2020-01-08,M科研技术,4474.579379
2020-01-09,M科研技术,4608.765109
2020-01-10,M科研技术,4609.379864
2020-01-13,M科研技术,4686.706061
2020-01-14,M科研技术,4711.547661
2020-01-15,M科研技术,4762.11315
2020-01-16,M科研技术,4783.994463
2020-01-17,M科研技术,4815.792183
2020-01-20,M科研技术,4895.02499
2020-01-21,M科研技术,4875.825433
2020-01-22,M科研技术,4851.409463
2020-01-23,M科研技术,4726.311336
2020-02-03,M科研技术,4474.845158
2020-02-04,M科研技术,4564.110472
2020-02-05,M科研技术,4629.70723
2020-02-06,M科研技术,4819.511299
2020-02-07,M科研技术,4795.056853
2020-02-10,M科研技术,4879.528464
2020-02-11,M科研技术,4830.33307
2020-02-12,M科研技术,4920.797116
2020-02-13,M科研技术,4869.818274
2020-02-14,M科研技术,4933.303609
2020-02-17,M科研技术,5114.14119
2020-02-18,M科研技术,5129.111099
2020-02-19,M科研技术,5051.221775
2020-02-20,M科研技术,5087.44194
2020-02-21,M科研技术,5120.623803
2020-02-24,M科研技术,5165.590771
2020-02-25,M科研技术,5224.338794
2020-02-26,M科研技术,5065.878574
2020-02-27,M科研技术,5074.612018
2020-02-28,M科研技术,4871.996803
2020-03-02,M科研技术,5095.15583
2020-03-03,M科研技术,5231.111816
2020-03-04,M科研技术,5305.666383
2020-03-05,M科研技术,5358.35283
2020-03-06,M科研技术,5343.727206
2020-03-09,M科研技术,5154.263148
2020-03-10,M科研技术,5201.699817
2020-03-11,M科研技术,5092.450661
2020-03-12,M科研技术,4941.816296
2020-03-13,M科研技术,4842.337116
2020-03-16,M科研技术,4541.076631
2020-03-17,M科研技术,4529.194413
2020-03-18,M科研技术,4500.043115
2020-03-19,M科研技术,4472.820688
2020-03-20,M科研技术,4562.599809
2020-03-23,M科研技术,4328.630838
2020-03-24,M科研技术,4465.375156
2020-03-25,M科研技术,4656.26373
2020-03-26,M科研技术,4699.25188
2020-03-27,M科研技术,4680.660842
2020-03-30,M科研技术,4556.313116
2020-03-31,M科研技术,4642.645277
2020-04-01,M科研技术,4603.75554
2020-04-02,M科研技术,4707.842862
2020-04-03,M科研技术,4716.114494
2020-04-07,M科研技术,4867.216735
2020-04-08,M科研技术,4862.630987
2020-04-09,M科研技术,5020.902785
2020-04-10,M科研技术,4920.806636
2020-04-13,M科研技术,4958.109515
2020-04-14,M科研技术,5050.236309
2020-04-15,M科研技术,5043.220302
2020-04-16,M科研技术,5286.286491
2020-04-17,M科研技术,5239.868885
2020-04-20,M科研技术,5472.991084
2020-04-21,M科研技术,5416.76016
2020-04-22,M科研技术,5441.77971
2020-04-23,M科研技术,5415.301032
2020-04-24,M科研技术,5275.780621
2020-04-27,M科研技术,5340.073734
2020-04-28,M科研技术,5306.356755
2020-04-29,M科研技术,5183.32401
2020-04-30,M科研技术,5247.484225
2020-05-06,M科研技术,5282.800637
2020-05-07,M科研技术,5291.451259
2020-05-08,M科研技术,5358.82471
2020-05-11,M科研技术,5340.077753
2020-05-12,M科研技术,5445.130231
2020-05-13,M科研技术,5534.150273
2020-05-14,M科研技术,5475.477814
2020-05-15,M科研技术,5468.010575
2020-05-18,M科研技术,5519.1328
2020-05-19,M科研技术,5581.774777
2020-05-20,M科研技术,5499.522556
2020-05-21,M科研技术,5498.217263
2020-05-22,M科研技术,5334.069382
2020-05-25,M科研技术,5405.693594
2020-05-26,M科研技术,5588.948597
2020-05-27,M科研技术,5473.76108
2020-05-28,M科研技术,5435.085449
2020-05-29,M科研技术,5597.205602
2020-06-01,M科研技术,5763.32433
2020-06-02,M科研技术,5722.402069
2020-06-03,M科研技术,5823.764456
2020-06-04,M科研技术,5880.323523
2020-06-05,M科研技术,5899.899388
2020-06-08,M科研技术,5815.332054
2019-12-02,N公共设施,2898.333707
2019-12-03,N公共设施,2897.245905
2019-12-04,N公共设施,2892.91101
2019-12-05,N公共设施,2919.270959
2019-12-06,N公共设施,2949.302954
2019-12-09,N公共设施,2959.661903
2019-12-10,N公共设施,2958.223261
2019-12-11,N公共设施,2941.632838
2019-12-12,N公共设施,2933.071576
2019-12-13,N公共设施,2957.626956
2019-12-16,N公共设施,2985.556787
2019-12-17,N公共设施,3022.326989
2019-12-18,N公共设施,3016.483423
2019-12-19,N公共设施,3023.464964
2019-12-20,N公共设施,3020.069864
2019-12-23,N公共设施,2960.126446
2019-12-24,N公共设施,2982.613927
2019-12-25,N公共设施,2978.392734
2019-12-26,N公共设施,2993.051031
2019-12-27,N公共设施,2983.461175
2019-12-30,N公共设施,3002.217447
2019-12-31,N公共设施,3014.327991
2020-01-02,N公共设施,3069.153176
2020-01-03,N公共设施,3092.801297
2020-01-06,N公共设施,3136.241344
2020-01-07,N公共设施,3188.000054
2020-01-08,N公共设施,3136.213421
2020-01-09,N公共设施,3179.026502
2020-01-10,N公共设施,3188.269851
2020-01-13,N公共设施,3230.613392
2020-01-14,N公共设施,3365.624339
2020-01-15,N公共设施,3361.490345
2020-01-16,N公共设施,3352.929641
2020-01-17,N公共设施,3333.915491
2020-01-20,N公共设施,3350.970953
2020-01-21,N公共设施,3300.279224
2020-01-22,N公共设施,3282.961885
2020-01-23,N公共设施,3228.204348
2020-02-03,N公共设施,2925.464568
2020-02-04,N公共设施,2931.860955
2020-02-05,N公共设施,3019.069331
2020-02-06,N公共设施,3162.576306
2020-02-07,N公共设施,3327.530336
2020-02-10,N公共设施,3373.09889
2020-02-11,N公共设施,3270.197615
2020-02-12,N公共设施,3310.281324
2020-02-13,N公共设施,3313.471297
2020-02-14,N公共设施,3303.748674
2020-02-17,N公共设施,3382.665946
2020-02-18,N公共设施,3425.034153
2020-02-19,N公共设施,3428.533728
2020-02-20,N公共设施,3452.367358
2020-02-21,N公共设施,3473.816073
2020-02-24,N公共设施,3479.206729
2020-02-25,N公共设施,3423.869464
2020-02-26,N公共设施,3423.764051
2020-02-27,N公共设施,3546.895019
2020-02-28,N公共设施,3392.296571
2020-03-02,N公共设施,3578.956024
2020-03-03,N公共设施,3644.264426
2020-03-04,N公共设施,3748.100514
2020-03-05,N公共设施,3777.401276
2020-03-06,N公共设施,3364.237975
2020-03-09,N公共设施,3243.281746
2020-03-10,N公共设施,3295.624653
2020-03-11,N公共设施,3294.014967
2020-03-12,N公共设施,3583.86682
2020-03-13,N公共设施,3506.53751
2020-03-16,N公共设施,3380.857409
2020-03-17,N公共设施,3391.050766
2020-03-18,N公共设施,3331.116685
2020-03-19,N公共设施,3329.568845
2020-03-20,N公共设施,3434.303129
2020-03-23,N公共设施,3318.46081
2020-03-24,N公共设施,3388.135547
2020-03-25,N公共设施,3449.163207
2020-03-26,N公共设施,3397.622605
2020-03-27,N公共设施,3379.701179
2020-03-30,N公共设施,3294.936256
2020-03-31,N公共设施,3287.843824
2020-04-01,N公共设施,3262.30343
2020-04-02,N公共设施,3321.08187
2020-04-03,N公共设施,3301.712489
2020-04-07,N公共设施,3402.470334
2020-04-08,N公共设施,3442.75525
2020-04-09,N公共设施,3495.230336
2020-04-10,N公共设施,3434.831813
2020-04-13,N公共设施,3362.634956
2020-04-14,N公共设施,3423.059295
2020-04-15,N公共设施,3316.599067
2020-04-16,N公共设施,3412.856623
2020-04-17,N公共设施,3388.592742
2020-04-20,N公共设施,3513.112192
2020-04-21,N公共设施,3492.730834
2020-04-22,N公共设施,3541.783749
2020-04-23,N公共设施,3525.965568
2020-04-24,N公共设施,3456.402315
2020-04-27,N公共设施,3444.464284
2020-04-28,N公共设施,3414.753092
2020-04-29,N公共设施,3380.340684
2020-04-30,N公共设施,3446.240613
2020-05-06,N公共设施,3516.769674
2020-05-07,N公共设施,3510.598213
2020-05-08,N公共设施,3596.189757
2020-05-11,N公共设施,3600.268027
2020-05-12,N公共设施,3605.301075
2020-05-13,N公共设施,3616.021213
2020-05-14,N公共设施,3564.74007
2020-05-15,N公共设施,3566.554653
2020-05-18,N公共设施,3552.235615
2020-05-19,N公共设施,3577.843835
2020-05-20,N公共设施,3515.528967
2020-05-21,N公共设施,3483.402128
2020-05-22,N公共设施,3431.399257
2020-05-25,N公共设施,3431.545843
2020-05-26,N公共设施,3482.773631
2020-05-27,N公共设施,3487.387831
2020-05-28,N公共设施,3455.298822
2020-05-29,N公共设施,3461.487541
2020-06-01,N公共设施,3544.452285
2020-06-02,N公共设施,3556.177362
2020-06-03,N公共设施,3553.608035
2020-06-04,N公共设施,3573.360809
2020-06-05,N公共设施,3737.081765
2020-06-08,N公共设施,3707.862601
2019-12-02,O居民服务,13.4228263
2019-12-03,O居民服务,13.5403413
2019-12-04,O居民服务,13.6056274
2019-12-05,O居民服务,13.9059436
2019-12-06,O居民服务,13.9842869
2019-12-09,O居民服务,13.9581725
2019-12-10,O居民服务,14.1018019
2019-12-11,O居民服务,13.9973441
2019-12-12,O居民服务,13.8667719
2019-12-13,O居民服务,14.049573
2019-12-16,O居民服务,14.336832
2019-12-17,O居民服务,14.454347
2019-12-18,O居民服务,14.5196331
2019-12-19,O居民服务,14.5979764
2019-12-20,O居民服务,14.3237747
2019-12-23,O居民服务,13.8798291
2019-12-24,O居民服务,14.3107175
2019-12-25,O居民服务,14.4412897
2019-12-26,O居民服务,14.5457475
2019-12-27,O居民服务,14.3237747
2019-12-30,O居民服务,14.0756875
2019-12-31,O居民服务,14.2062597
2020-01-02,O居民服务,14.6110337
2020-01-03,O居民服务,14.9374643
2020-01-06,O居民服务,14.7285487
2020-01-07,O居民服务,14.8721781
2020-01-08,O居民服务,14.571862
2020-01-09,O居民服务,14.8591209
2020-01-10,O居民服务,14.7807776
2020-01-13,O居民服务,14.7546631
2020-01-14,O居民服务,14.6502053
2020-01-15,O居民服务,14.4412897
2020-01-16,O居民服务,14.1409736
2020-01-17,O居民服务,13.9973441
2020-01-20,O居民服务,14.167088
2020-01-21,O居民服务,13.8667719
2020-01-22,O居民服务,13.7231424
2020-01-23,O居民服务,13.2661396
2020-02-03,O居民服务,11.9343027
2020-02-04,O居民服务,11.190041
2020-02-05,O居民服务,11.542586
2020-02-06,O居民服务,11.8037305
2020-02-07,O居民服务,11.7384444
2020-02-10,O居民服务,11.8820738
2020-02-11,O居民服务,11.7645588
2020-02-12,O居民服务,11.94736
2020-02-13,O居民服务,11.7645588
2020-02-14,O居民服务,11.7384444
2020-02-17,O居民服务,12.2476761
2020-02-18,O居民服务,12.5218778
2020-02-19,O居民服务,12.4696489
2020-02-20,O居民服务,12.7830223
2020-02-21,O居民服务,13.057224
2020-02-24,O居民服务,13.5925702
2020-02-25,O居民服务,13.7361996
2020-02-26,O居民服务,13.2008535
2020-02-27,O居民服务,12.9527662
2020-02-28,O居民服务,11.8820738
2020-03-02,O居民服务,12.4565917
2020-03-03,O居民服务,12.6785645
2020-03-04,O居民服务,13.0963957
2020-03-05,O居民服务,13.2530824
2020-03-06,O居民服务,13.1877962
2020-03-09,O居民服务,12.9266518
2020-03-10,O居民服务,13.1877962
2020-03-11,O居民服务,13.1094529
2020-03-12,O居民服务,12.8744229
2020-03-13,O居民服务,12.6002212
2020-03-16,O居民服务,12.1171039
2020-03-17,O居民服务,12.2737906
2020-03-18,O居民服务,12.0779322
2020-03-19,O居民服务,12.1432183
2020-03-20,O居民服务,12.2868478
2020-03-23,O居民服务,11.8429022
2020-03-24,O居民服务,12.2085044
2020-03-25,O居民服务,12.3913056
2020-03-26,O居民服务,12.2868478
2020-03-27,O居民服务,12.2607333
2020-03-30,O居民服务,11.94736
2020-03-31,O居民服务,11.94736
2020-04-01,O居民服务,11.8559594
2020-04-02,O居民服务,12.2868478
2020-04-03,O居民服务,12.1954472
2020-04-07,O居民服务,12.7307934
2020-04-08,O居民服务,12.822194
2020-04-09,O居民服务,12.8352512
2020-04-10,O居民服务,12.3782484
2020-04-13,O居民服务,12.1432183
2020-04-14,O居民服务,12.3521339
2020-04-15,O居民服务,12.1562755
2020-04-16,O居民服务,12.1693328
2020-04-17,O居民服务,13.3836546
2020-04-20,O居民服务,12.9919379
2020-04-21,O居民服务,12.7569078
2020-04-22,O居民服务,13.292254
2020-04-23,O居民服务,12.8483084
2020-04-24,O居民服务,11.9995889
2020-04-27,O居民服务,11.8820738
2020-04-28,O居民服务,11.1769837
2020-04-29,O居民服务,11.1247548
2020-04-30,O居民服务,11.3728421
2020-05-06,O居民服务,11.5817577
2020-05-07,O居民服务,11.425071
2020-05-08,O居民服务,11.5295288
2020-05-11,O居民服务,11.5034143
2020-05-12,O居民服务,11.3728421
2020-05-13,O居民服务,11.3728421
2020-05-14,O居民服务,11.2814415
2020-05-15,O居民服务,11.2814415
2020-05-18,O居民服务,11.0594687
2020-05-19,O居民服务,11.3336704
2020-05-20,O居民服务,11.1639265
2020-05-21,O居民服务,11.1508693
2020-05-22,O居民服务,11.1247548
2020-05-25,O居民服务,11.0986404
2020-05-26,O居民服务,11.3206132
2020-05-27,O居民服务,11.4381282
2020-05-28,O居民服务,11.4381282
2020-05-29,O居民服务,11.4381282
2020-06-01,O居民服务,11.7123299
2020-06-02,O居民服务,11.7906733
2020-06-03,O居民服务,12.1954472
2020-06-04,O居民服务,11.8559594
2020-06-05,O居民服务,11.7123299
2020-06-08,O居民服务,11.6078721
2019-12-02,P教育,1470.139743
2019-12-03,P教育,1475.671504
2019-12-04,P教育,1505.871396
2019-12-05,P教育,1516.455771
2019-12-06,P教育,1543.176179
2019-12-09,P教育,1527.308232
2019-12-10,P教育,1507.963196
2019-12-11,P教育,1481.113716
2019-12-12,P教育,1493.828373
2019-12-13,P教育,1496.466609
2019-12-16,P教育,1485.716254
2019-12-17,P教育,1464.841738
2019-12-18,P教育,1474.076998
2019-12-19,P教育,1445.697443
2019-12-20,P教育,1437.092955
2019-12-23,P教育,1395.397399
2019-12-24,P教育,1415.161841
2019-12-25,P教育,1428.391216
2019-12-26,P教育,1429.27305
2019-12-27,P教育,1411.565719
2019-12-30,P教育,1428.868264
2019-12-31,P教育,1450.515808
2020-01-02,P教育,1479.501348
2020-01-03,P教育,1487.542564
2020-01-06,P教育,1458.406062
2020-01-07,P教育,1471.195825
2020-01-08,P教育,1449.480764
2020-01-09,P教育,1506.643167
2020-01-10,P教育,1535.312545
2020-01-13,P教育,1512.174243
2020-01-14,P教育,1505.799335
2020-01-15,P教育,1502.882559
2020-01-16,P教育,1502.730089
2020-01-17,P教育,1488.941809
2020-01-20,P教育,1493.91144
2020-01-21,P教育,1449.508794
2020-01-22,P教育,1432.098938
2020-01-23,P教育,1362.923624
2020-02-03,P教育,1237.82453
2020-02-04,P教育,1337.730202
2020-02-05,P教育,1364.064514
2020-02-06,P教育,1464.42063
2020-02-07,P教育,1424.057033
2020-02-10,P教育,1414.755598
2020-02-11,P教育,1423.675572
2020-02-12,P教育,1421.011861
2020-02-13,P教育,1406.699948
2020-02-14,P教育,1399.847425
2020-02-17,P教育,1436.366848
2020-02-18,P教育,1515.441884
2020-02-19,P教育,1559.271364
2020-02-20,P教育,1568.80439
2020-02-21,P教育,1568.874775
2020-02-24,P教育,1570.897863
2020-02-25,P教育,1566.679964
2020-02-26,P教育,1605.297346
2020-02-27,P教育,1617.866508
2020-02-28,P教育,1647.155389
2020-03-02,P教育,1706.036359
2020-03-03,P教育,1734.058997
2020-03-04,P教育,1725.128904
2020-03-05,P教育,1740.820651
2020-03-06,P教育,1742.383412
2020-03-09,P教育,1652.069279
2020-03-10,P教育,1740.301096
2020-03-11,P教育,1725.510897
2020-03-12,P教育,1691.53105
2020-03-13,P教育,1718.022751
2020-03-16,P教育,1661.836467
2020-03-17,P教育,1686.187883
2020-03-18,P教育,1707.19958
2020-03-19,P教育,1744.791702
2020-03-20,P教育,1806.347832
2020-03-23,P教育,1764.064191
2020-03-24,P教育,1701.266564
2020-03-25,P教育,1754.40987
2020-03-26,P教育,1751.080543
2020-03-27,P教育,1738.268966
2020-03-30,P教育,1662.482851
2020-03-31,P教育,1715.999118
2020-04-01,P教育,1671.141214
2020-04-02,P教育,1637.48379
2020-04-03,P教育,1661.720915
2020-04-07,P教育,1715.848656
2020-04-08,P教育,1672.728685
2020-04-09,P教育,1736.193808
2020-04-10,P教育,1744.352892
2020-04-13,P教育,1790.344419
2020-04-14,P教育,1774.126067
2020-04-15,P教育,1757.314092
2020-04-16,P教育,1788.441837
2020-04-17,P教育,1773.292105
2020-04-20,P教育,1779.691563
2020-04-21,P教育,1810.473021
2020-04-22,P教育,1831.849187
2020-04-23,P教育,1806.784777
2020-04-24,P教育,1790.586717
2020-04-27,P教育,1790.197179
2020-04-28,P教育,1808.986505
2020-04-29,P教育,1797.767524
2020-04-30,P教育,1900.88047
2020-05-06,P教育,1901.545782
2020-05-07,P教育,1888.680848
2020-05-08,P教育,1931.437104
2020-05-11,P教育,1937.377596
2020-05-12,P教育,1986.343293
2020-05-13,P教育,2051.573275
2020-05-14,P教育,2084.617479
2020-05-15,P教育,2055.914342
2020-05-18,P教育,2056.289064
2020-05-19,P教育,2086.948419
2020-05-20,P教育,2035.251227
2020-05-21,P教育,2021.01071
2020-05-22,P教育,1968.283991
2020-05-25,P教育,1980.700572
2020-05-26,P教育,2034.072385
2020-05-27,P教育,2021.551644
2020-05-28,P教育,2081.362815
2020-05-29,P教育,2133.620564
2020-06-01,P教育,2160.439396
2020-06-02,P教育,2106.886234
2020-06-03,P教育,2077.31424
2020-06-04,P教育,2086.511631
2020-06-05,P教育,2080.037882
2020-06-08,P教育,1985.571992
2019-12-02,Q卫生社工,3233.621688
2019-12-03,Q卫生社工,3253.64729
2019-12-04,Q卫生社工,3269.227006
2019-12-05,Q卫生社工,3301.674099
2019-12-06,Q卫生社工,3333.823173
2019-12-09,Q卫生社工,3262.921517
2019-12-10,Q卫生社工,3282.597532
2019-12-11,Q卫生社工,3292.251981
2019-12-12,Q卫生社工,3275.165638
2019-12-13,Q卫生社工,3324.153574
2019-12-16,Q卫生社工,3360.685434
2019-12-17,Q卫生社工,3371.702197
2019-12-18,Q卫生社工,3320.734344
2019-12-19,Q卫生社工,3303.274987
2019-12-20,Q卫生社工,3264.803411
2019-12-23,Q卫生社工,3249.148493
2019-12-24,Q卫生社工,3238.741616
2019-12-25,Q卫生社工,3243.981995
2019-12-26,Q卫生社工,3238.604618
2019-12-27,Q卫生社工,3204.304119
2019-12-30,Q卫生社工,3223.160945
2019-12-31,Q卫生社工,3291.371179
2020-01-02,Q卫生社工,3290.531224
2020-01-03,Q卫生社工,3275.66824
2020-01-06,Q卫生社工,3251.531908
2020-01-07,Q卫生社工,3312.415049
2020-01-08,Q卫生社工,3289.390013
2020-01-09,Q卫生社工,3441.322737
2020-01-10,Q卫生社工,3456.161106
2020-01-13,Q卫生社工,3452.232806
2020-01-14,Q卫生社工,3414.38707
2020-01-15,Q卫生社工,3413.561557
2020-01-16,Q卫生社工,3510.023311
2020-01-17,Q卫生社工,3531.920268
2020-01-20,Q卫生社工,3554.56592
2020-01-21,Q卫生社工,3555.275862
2020-01-22,Q卫生社工,3504.095988
2020-01-23,Q卫生社工,3346.294068
2020-02-03,Q卫生社工,3132.467895
2020-02-04,Q卫生社工,3270.403051
2020-02-05,Q卫生社工,3336.938431
2020-02-06,Q卫生社工,3435.490957
2020-02-07,Q卫生社工,3466.992049
2020-02-10,Q卫生社工,3439.375552
2020-02-11,Q卫生社工,3455.949034
2020-02-12,Q卫生社工,3481.130384
2020-02-13,Q卫生社工,3432.990035
2020-02-14,Q卫生社工,3424.957896
2020-02-17,Q卫生社工,3534.511229
2020-02-18,Q卫生社工,3525.789032
2020-02-19,Q卫生社工,3466.436612
2020-02-20,Q卫生社工,3573.370071
2020-02-21,Q卫生社工,3569.352809
2020-02-24,Q卫生社工,3556.117769
2020-02-25,Q卫生社工,3555.70327
2020-02-26,Q卫生社工,3424.832108
2020-02-27,Q卫生社工,3460.318085
2020-02-28,Q卫生社工,3349.749179
2020-03-02,Q卫生社工,3432.972404
2020-03-03,Q卫生社工,3499.499003
2020-03-04,Q卫生社工,3543.849231
2020-03-05,Q卫生社工,3633.525248
2020-03-06,Q卫生社工,3654.021655
2020-03-09,Q卫生社工,3577.024872
2020-03-10,Q卫生社工,3577.070498
2020-03-11,Q卫生社工,3540.527679
2020-03-12,Q卫生社工,3433.721745
2020-03-13,Q卫生社工,3383.957069
2020-03-16,Q卫生社工,3194.959604
2020-03-17,Q卫生社工,3151.08691
2020-03-18,Q卫生社工,3113.583736
2020-03-19,Q卫生社工,3010.687844
2020-03-20,Q卫生社工,3059.804446
2020-03-23,Q卫生社工,2917.786535
2020-03-24,Q卫生社工,3081.489996
2020-03-25,Q卫生社工,3186.537297
2020-03-26,Q卫生社工,3245.179587
2020-03-27,Q卫生社工,3225.188665
2020-03-30,Q卫生社工,3125.163009
2020-03-31,Q卫生社工,3201.959462
2020-04-01,Q卫生社工,3189.115647
2020-04-02,Q卫生社工,3253.866476
2020-04-03,Q卫生社工,3238.530072
2020-04-07,Q卫生社工,3335.01924
2020-04-08,Q卫生社工,3335.474158
2020-04-09,Q卫生社工,3494.785947
2020-04-10,Q卫生社工,3477.4216
2020-04-13,Q卫生社工,3453.202139
2020-04-14,Q卫生社工,3523.153404
2020-04-15,Q卫生社工,3470.042631
2020-04-16,Q卫生社工,3515.537249
2020-04-17,Q卫生社工,3501.051552
2020-04-20,Q卫生社工,3526.429382
2020-04-21,Q卫生社工,3470.542665
2020-04-22,Q卫生社工,3559.279391
2020-04-23,Q卫生社工,2226.282853
2020-04-24,Q卫生社工,3538.178546
2020-04-27,Q卫生社工,3567.820077
2020-04-28,Q卫生社工,3594.365613
2020-04-29,Q卫生社工,3595.809838
2020-04-30,Q卫生社工,3546.721148
2020-05-06,Q卫生社工,3595.738972
2020-05-07,Q卫生社工,3634.362033
2020-05-08,Q卫生社工,3683.451238
2020-05-11,Q卫生社工,3610.729781
2020-05-12,Q卫生社工,3694.201036
2020-05-13,Q卫生社工,3810.566076
2020-05-14,Q卫生社工,3775.765957
2020-05-15,Q卫生社工,3740.103496
2020-05-18,Q卫生社工,3817.851496
2020-05-19,Q卫生社工,3834.238271
2020-05-20,Q卫生社工,3780.152759
2020-05-21,Q卫生社工,3800.77063
2020-05-22,Q卫生社工,3717.036214
2020-05-25,Q卫生社工,3758.08476
2020-05-26,Q卫生社工,3852.153539
2020-05-27,Q卫生社工,3803.738049
2020-05-28,Q卫生社工,3779.965663
2020-05-29,Q卫生社工,3893.369554
2020-06-01,Q卫生社工,3998.17376
2020-06-02,Q卫生社工,3909.598153
2020-06-03,Q卫生社工,3924.685692
2020-06-04,Q卫生社工,3998.775301
2020-06-05,Q卫生社工,4021.415542
2020-06-08,Q卫生社工,3967.85993
2019-12-02,R文体娱乐,5208.776531
2019-12-03,R文体娱乐,5224.692259
2019-12-04,R文体娱乐,5233.545364
2019-12-05,R文体娱乐,5278.757427
2019-12-06,R文体娱乐,5400.493019
2019-12-09,R文体娱乐,5442.102299
2019-12-10,R文体娱乐,5552.159599
2019-12-11,R文体娱乐,5565.047181
2019-12-12,R文体娱乐,5526.171133
2019-12-13,R文体娱乐,5549.100791
2019-12-16,R文体娱乐,5652.993914
2019-12-17,R文体娱乐,5714.663738
2019-12-18,R文体娱乐,5768.589048
2019-12-19,R文体娱乐,5930.124938
2019-12-20,R文体娱乐,5830.467671
2019-12-23,R文体娱乐,5656.586504
2019-12-24,R文体娱乐,5730.013945
2019-12-25,R文体娱乐,5747.958538
2019-12-26,R文体娱乐,5812.42221
2019-12-27,R文体娱乐,5747.187868
2019-12-30,R文体娱乐,5795.590472
2019-12-31,R文体娱乐,5813.035681
2020-01-02,R文体娱乐,6049.932916
2020-01-03,R文体娱乐,6118.449457
2020-01-06,R文体娱乐,6260.628222
2020-01-07,R文体娱乐,6486.351233
2020-01-08,R文体娱乐,6324.332496
2020-01-09,R文体娱乐,6379.822685
2020-01-10,R文体娱乐,6319.245378
2020-01-13,R文体娱乐,6399.557435
2020-01-14,R文体娱乐,6435.083571
2020-01-15,R文体娱乐,6394.944257
2020-01-16,R文体娱乐,6325.314355
2020-01-17,R文体娱乐,6310.749846
2020-01-20,R文体娱乐,6164.207027
2020-01-21,R文体娱乐,6102.467213
2020-01-22,R文体娱乐,6097.735871
2020-01-23,R文体娱乐,5887.212345
2020-02-03,R文体娱乐,5344.853362
2020-02-04,R文体娱乐,5448.486206
2020-02-05,R文体娱乐,5610.105444
2020-02-06,R文体娱乐,5901.971352
2020-02-07,R文体娱乐,6019.897392
2020-02-10,R文体娱乐,6065.531814
2020-02-11,R文体娱乐,6005.993618
2020-02-12,R文体娱乐,6127.103796
2020-02-13,R文体娱乐,5979.528511
2020-02-14,R文体娱乐,5905.369236
2020-02-17,R文体娱乐,6101.741757
2020-02-18,R文体娱乐,6202.551116
2020-02-19,R文体娱乐,6042.442082
2020-02-20,R文体娱乐,6179.673605
2020-02-21,R文体娱乐,6175.631315
2020-02-24,R文体娱乐,6141.7435
2020-02-25,R文体娱乐,6021.816472
2020-02-26,R文体娱乐,5908.828406
2020-02-27,R文体娱乐,5891.550118
2020-02-28,R文体娱乐,5613.012017
2020-03-02,R文体娱乐,5753.926386
2020-03-03,R文体娱乐,5790.198164
2020-03-04,R文体娱乐,5836.49457
2020-03-05,R文体娱乐,5958.25603
2020-03-06,R文体娱乐,5909.25227
2020-03-09,R文体娱乐,5650.88194
2020-03-10,R文体娱乐,5834.254765
2020-03-11,R文体娱乐,5816.15308
2020-03-12,R文体娱乐,5665.540541
2020-03-13,R文体娱乐,5613.782159
2020-03-16,R文体娱乐,5367.711009
2020-03-17,R文体娱乐,5396.740547
2020-03-18,R文体娱乐,5308.484157
2020-03-19,R文体娱乐,5323.729637
2020-03-20,R文体娱乐,5464.393038
2020-03-23,R文体娱乐,5266.118674
2020-03-24,R文体娱乐,5392.597942
2020-03-25,R文体娱乐,5515.353964
2020-03-26,R文体娱乐,5489.891037
2020-03-27,R文体娱乐,5436.478993
2020-03-30,R文体娱乐,5213.669697
2020-03-31,R文体娱乐,5180.231532
2020-04-01,R文体娱乐,5111.053366
2020-04-02,R文体娱乐,5201.836041
2020-04-03,R文体娱乐,5182.734097
2020-04-07,R文体娱乐,5332.634043
2020-04-08,R文体娱乐,5321.016264
2020-04-09,R文体娱乐,5358.793496
2020-04-10,R文体娱乐,5245.801674
2020-04-13,R文体娱乐,5154.136089
2020-04-14,R文体娱乐,5261.86503
2020-04-15,R文体娱乐,5229.87367
2020-04-16,R文体娱乐,5277.71523
2020-04-17,R文体娱乐,5313.859575
2020-04-20,R文体娱乐,5332.261175
2020-04-21,R文体娱乐,5281.461583
2020-04-22,R文体娱乐,5340.996454
2020-04-23,R文体娱乐,5323.863713
2020-04-24,R文体娱乐,5261.205377
2020-04-27,R文体娱乐,5256.992217
2020-04-28,R文体娱乐,5212.071489
2020-04-29,R文体娱乐,5304.416029
2020-04-30,R文体娱乐,5493.376024
2020-05-06,R文体娱乐,5520.436017
2020-05-07,R文体娱乐,5517.261928
2020-05-08,R文体娱乐,5607.247129
2020-05-11,R文体娱乐,5591.568718
2020-05-12,R文体娱乐,5622.197443
2020-05-13,R文体娱乐,5616.740568
2020-05-14,R文体娱乐,5595.7678
2020-05-15,R文体娱乐,5590.815079
2020-05-18,R文体娱乐,5553.299459
2020-05-19,R文体娱乐,5650.895856
2020-05-20,R文体娱乐,5615.890017
2020-05-21,R文体娱乐,5600.223334
2020-05-22,R文体娱乐,5512.949054
2020-05-25,R文体娱乐,5470.718148
2020-05-26,R文体娱乐,5565.357065
2020-05-27,R文体娱乐,5566.937229
2020-05-28,R文体娱乐,5561.69893
2020-05-29,R文体娱乐,5698.475688
2020-06-01,R文体娱乐,5923.535754
2020-06-02,R文体娱乐,5877.140661
2020-06-03,R文体娱乐,5875.872575
2020-06-04,R文体娱乐,5912.54861
2020-06-05,R文体娱乐,5973.490822
2020-06-08,R文体娱乐,5899.647877
2019-12-02,S综合,1215.47659
2019-12-03,S综合,1221.344659
2019-12-04,S综合,1224.698452
2019-12-05,S综合,1235.267083
2019-12-06,S综合,1241.484204
2019-12-09,S综合,1237.325007
2019-12-10,S综合,1249.954104
2019-12-11,S综合,1242.888385
2019-12-12,S综合,1239.255544
2019-12-13,S综合,1259.403328
2019-12-16,S综合,1285.515372
2019-12-17,S综合,1295.988436
2019-12-18,S综合,1287.000601
2019-12-19,S综合,1293.560453
2019-12-20,S综合,1290.341935
2019-12-23,S综合,1258.104175
2019-12-24,S综合,1281.081336
2019-12-25,S综合,1293.354535
2019-12-26,S综合,1319.178784
2019-12-27,S综合,1332.961799
2019-12-30,S综合,1353.904562
2019-12-31,S综合,1375.612157
2020-01-02,S综合,1393.432935
2020-01-03,S综合,1365.81321
2020-01-06,S综合,1385.779886
2020-01-07,S综合,1400.413228
2020-01-08,S综合,1383.816737
2020-01-09,S综合,1383.80683
2020-01-10,S综合,1367.411646
2020-01-13,S综合,1372.85947
2020-01-14,S综合,1371.461439
2020-01-15,S综合,1357.048763
2020-01-16,S综合,1345.784695
2020-01-17,S综合,1340.851193
2020-01-20,S综合,1366.199402
2020-01-21,S综合,1374.933908
2020-01-22,S综合,1364.066467
2020-01-23,S综合,1328.429369
2020-02-03,S综合,1231.541107
2020-02-04,S综合,1234.091833
2020-02-05,S综合,1284.655369
2020-02-06,S综合,1309.915499
2020-02-07,S综合,1310.524922
2020-02-10,S综合,1335.054762
2020-02-11,S综合,1321.454511
2020-02-12,S综合,1331.801456
2020-02-13,S综合,1309.261642
2020-02-14,S综合,1296.472436
2020-02-17,S综合,1334.266917
2020-02-18,S综合,1365.827953
2020-02-19,S综合,1355.819134
2020-02-20,S综合,1373.85093
2020-02-21,S综合,1385.300184
2020-02-24,S综合,1410.083739
2020-02-25,S综合,1414.353526
2020-02-26,S综合,1390.091022
2020-02-27,S综合,1380.033289
2020-02-28,S综合,1298.582936
2020-03-02,S综合,1339.965534
2020-03-03,S综合,1345.697528
2020-03-04,S综合,1343.41829
2020-03-05,S综合,1368.399591
2020-03-06,S综合,1369.234129
2020-03-09,S综合,1340.25501
2020-03-10,S综合,1354.736926
2020-03-11,S综合,1331.68743
2020-03-12,S综合,1292.448087
2020-03-13,S综合,1272.144138
2020-03-16,S综合,1231.630687
2020-03-17,S综合,1223.989999
2020-03-18,S综合,1194.715903
2020-03-19,S综合,1194.638051
2020-03-20,S综合,1217.243947
2020-03-23,S综合,1161.566465
2020-03-24,S综合,1195.28975
2020-03-25,S综合,1219.430733
2020-03-26,S综合,1207.287818
2020-03-27,S综合,1195.397276
2020-03-30,S综合,1166.330603
2020-03-31,S综合,1164.764538
2020-04-01,S综合,1165.396002
2020-04-02,S综合,1193.037832
2020-04-03,S综合,1200.132231
2020-04-07,S综合,1222.950383
2020-04-08,S综合,1221.680515
2020-04-09,S综合,1227.845017
2020-04-10,S综合,1213.118789
2020-04-13,S综合,1208.223648
2020-04-14,S综合,1221.855269
2020-04-15,S综合,1210.632692
2020-04-16,S综合,1204.75976
2020-04-17,S综合,1201.924846
2020-04-20,S综合,1210.144108
2020-04-21,S综合,1193.464926
2020-04-22,S综合,1179.718785
2020-04-23,S综合,1189.965741
2020-04-24,S综合,1142.562314
2020-04-27,S综合,1171.945114
2020-04-28,S综合,1157.83806
2020-04-29,S综合,1145.23189
2020-04-30,S综合,1137.03452
2020-05-06,S综合,1184.974026
2020-05-07,S综合,1187.382457
2020-05-08,S综合,1198.902579
2020-05-11,S综合,1186.801501
2020-05-12,S综合,1178.418423
2020-05-13,S综合,1176.602512
2020-05-14,S综合,1159.108937
2020-05-15,S综合,1170.016606
2020-05-18,S综合,1159.798781
2020-05-19,S综合,1165.26833
2020-05-20,S综合,1161.354693
2020-05-21,S综合,1158.134345
2020-05-22,S综合,1144.903427
2020-05-25,S综合,1144.578189
2020-05-26,S综合,1170.559554
2020-05-27,S综合,1172.677737
2020-05-28,S综合,1146.37637
2020-05-29,S综合,1145.828242
2020-06-01,S综合,1164.014221
2020-06-02,S综合,1166.821837
2020-06-03,S综合,1164.734227
2020-06-04,S综合,1168.907271
2020-06-05,S综合,1166.320562
2020-06-08,S综合,1162.552182
